,label
RRN3,-1
ABCF1,-1
ABI1,-1
ABL1,-1
ABLIM1,-1
ABLIM3,-1
ACACA,-1
ACAP2,-1
ACIN1,-1
ACLY,-1
ACTL6A,-1
ADAR,-1
ADCY6,5
ADD1,-1
ADD3,-1
ADNP,-1
AFAP1,-1
AFAP1L2,-1
AFF4,-1
AGFG1,-1
AGPS,-1
AHCTF1,-1
AHNAK,-1
AHNAK2,-1
AIFM1,-1
AIM1,-1
AK5,-1
AKAP12,-1
AKAP2,-1
AKAP8L,5
AKT1S1,-1
ALDOA,-1
ALKBH5,-1
AMOTL2,-1
ANKIB1,-1
ANKRD16,5
ANKRD34A,5
ANKS1A,-1
ANKZF1,-1
ANLN,-1
ANP32B,-1
"ANXA2, ANXA2P2",-1
AP3D1,-1
APBA2,-1
APIP,-1
APPL1,-1
APTX,-1
ARFGAP1,-1
ARFGAP2,-1
ARFGEF1,-1
ARFGEF2,6
ARHGAP17,2
ARHGAP19,-1
ARHGAP21,-1
ARHGAP29,-1
ARHGAP32,11
ARHGAP35,-1
ARHGAP39,-1
ARHGAP5,-1
ARHGEF1,-1
ARHGEF11,-1
ARHGEF12,-1
ARHGEF16,-1
ARHGEF17,-1
ARHGEF18,-1
ARHGEF2,-1
ARHGEF3,3
ARHGEF35,-1
ARHGEF5,-1
ARRDC1,-1
ASF1A,-1
ATAD2,-1
ATF2,-1
ATF7IP,1
ATG13,2
ATN1,0
ATP1A1,-1
ATP2B1,-1
ATP6V1C2,5
ATRX,-1
ATXN2L,-1
AZI1,-1
BABAM1,-1
BAG3,-1
BAG6,-1
BAHD1,-1
BAIAP2,-1
BANF1,-1
BAP1,-1
BAZ1A,1
BAZ1B,-1
BBX,-1
BCAR1,-1
BCAR3,-1
BCAS3,-1
BCKDHA,-1
BCL6,-1
BCL7C,-1
BCL9,-1
BCL9L,-1
BCLAF1,-1
BCR,-1
BEND3,-1
BICD2,-1
BIRC7,5
BLNK,-1
BMI1,-1
BNIP2,-1
BOD1L1,-1
BRAF,-1
BRD1,-1
BTBD10,-1
BUD13,-1
C10orf47,-1
C10orf81,-1
C11orf68,5
C14orf1,5
C14orf21,-1
C16orf42,-1
C18orf25,-1
C19orf21,-1
C19orf47,5
C1orf129,-1
C20orf112,-1
C20orf151,5
C2orf49,-1
C6orf132,3
C9orf142,5
CAD,-1
CAMK2G,-1
CAMKK1,-1
CAMSAP1,-1
CAMSAP2,-1
CAMSAP3,-1
CANX,-1
CAP1,-1
CARD11,-1
CARHSP1,-1
CASC3,-1
CASC5,-1
CAST,-1
CAV1,-1
CBX3,-1
CBX4,-1
CBX5,-1
CBX8,-1
CCDC110,-1
CCDC111,2
CCDC132,-1
CCDC137,-1
CCDC6,-1
CCDC86,-1
CCND3,-1
CCNK,-1
CCNL1,-1
CCT2,-1
CD2AP,-1
CD2BP2,-1
CD3EAP,-1
CD44,-1
CDC40,-1
CDC42EP2,2
CDC42EP4,-1
CDH1,-1
CDK11B,-1
CDK12,-1
CDK5RAP3,2
CDKN2AIP,-1
CELF1,-1
CENPC1,-1
CENPF,-1
CENPI,5
CEP170,-1
"CEP170, CEP170P1",-1
"CEP170, PLIN5",-1
CETN2,-1
CHAMP1,-1
CHCHD3,-1
CHD1,-1
CHD3,-1
CHD4,-1
CHD8,-1
CHMP2B,5
CIC,-1
CIR1,-1
CIZ1,-1
CKAP2,-1
CLASP1,-1
CLASP2,-1
CLINT1,-1
CLIP1,-1
"CLIP1, CLIP2",-1
CLK3,-1
CMIP,-1
CMTM4,-1
CNKSR1,-1
CNOT4,-1
COG3,5
COPS7A,-1
CPSF7,-1
CRK,-1
CRTC2,-1
CRTC3,-1
CSDA,-1
CTBP2,-1
CTDP1,-1
CTDSPL2,-1
CTNNA1,-1
"CTNNA1, CTNNA2",-1
CTNNB1,-1
CTNND1,-1
CTPS1,-1
CTTN,-1
CTTNBP2NL,-1
CUL4A,-1
CUL4B,-1
CWC22,-1
CXorf26,-1
DAB2IP,-1
DAP,-1
DBNDD1,5
DBNL,-1
DBR1,5
DCAF10,-1
DCAF5,-1
DCLK1,-1
DCP1A,-1
DCP1B,-1
DCTN2,-1
DDX10,-1
DDX21,-1
"DDX3X, DDX3Y",-1
DDX41,-1
DDX50,-1
DEK,1
DENND1A,-1
DENND1B,-1
DENND4A,-1
DENND4C,-1
DEPTOR,-1
DFFA,-1
DIDO1,-1
DKC1,-1
DLG1,-1
DLG3,5
DLG5,-1
DLGAP4,-1
DMAP1,-1
DNAH10,5
DNAJC19,-1
DNM1L,5
DOCK10,-1
DOCK5,-1
DOCK7,-1
DOPEY2,5
DPF2,-1
DPM1,-1
DPYSL2,-1
DSG2,-1
DSP,-1
DTD1,-1
DTNA,5
DTNB,-1
DUSP16,-1
DUT,-1
DYNC1LI2,-1
E2F8,2
ECH1,-1
EDC3,-1
EDC4,2
EEF1B2,-1
EEF2K,-1
EGFR,-1
EHMT2,5
EIF2AK1,-1
EIF2B4,5
EIF2S1,-1
EIF2S2,-1
EIF3C,-1
EIF3J,-1
EIF4B,-1
EIF4EBP1,-1
EIF4EBP2,-1
EIF4ENIF1,-1
EIF4G1,-1
"EIF4G1, TNIK",-1
EIF4G2,-1
EIF4H,1
EIF5B,-1
ELF1,0
ELK1,-1
ELMOD2,5
EMSY,-1
ENAH,-1
ENSA,-1
EPB41L1,-1
EPB41L2,-1
EPN1,-1
EPN3,-1
EPRS,-1
EPS15,-1
EPS15L1,-1
EPS8L2,-1
ERBB2,-1
ERBB2IP,-1
ERCC5,-1
ERCC6L,-1
ERF,-1
ESCO2,-1
ESYT2,-1
ETV3,-1
ETV6,-1
EYS,-1
EZH2,-1
F11R,-1
FAM110A,5
FAM111A,-1
FAM117A,-1
FAM122A,-1
FAM122B,-1
FAM129B,-1
FAM160A2,-1
FAM177A1,5
"FAM203A, FAM203B",5
"FAM21A, FAM21B",-1
"FAM21A, FAM21B, FAM21C",-1
FAM40A,-1
FAM63A,-1
FAM82A2,-1
FAM83H,-1
FAM89B,5
FARP1,-1
FASN,-1
FBRSL1,-1
FHOD1,-1
FIP1L1,-1
FKBP15,-1
FLII,-1
FLNA,-1
FLNB,-1
FLNC,-1
FNBP1,2
FNBP1L,-1
FOSL2,-1
FOXA1,0
FOXK1,-1
FOXK2,-1
FOXO1,-1
FOXO3,-1
FOXP1,0
FRMD4A,-1
FRYL,-1
FUS,-1
FXR2,5
G3BP2,-1
GAB1,-1
GAB2,-1
GAPVD1,-1
GBF1,-1
GCC1,-1
"GCOM2, POLR2M",-1
GIGYF2,-1
GIT1,-1
GLTSCR1,-1
GLYR1,-1
GOLGA1,-1
GOLGA3,-1
GOLGA4,-1
GOLGA5,-1
GOLGB1,-1
GORASP2,-1
GPATCH8,-1
GPBP1,5
GPBP1L1,-1
GPN1,-1
GPRC5A,-1
GPRIN1,-1
GPSM1,-1
GRB7,-1
GREB1,5
GREM2,5
GRHL1,-1
GRHL2,3
GRID2,-1
GRIPAP1,5
GSK3A,-1
GSK3B,-1
GTF2F1,-1
GTF2F2,2
GTF2I,-1
GTF3C1,-1
GYS1,-1
H1FX,-1
H2AFX,-1
HBS1L,-1
HCFC1,-1
HDAC2,-1
HDAC4,-1
HDAC7,-1
HDGF,-1
HDGFRP2,-1
HEATR3,-1
HELLS,-1
HELZ,-1
HIST1H1B,-1
HIST1H1E,-1
HIST1H4A,-1
HMGA1,-1
HMGB1,-1
HMGN1,-1
HMGN3,-1
HMGXB4,3
HN1,-1
HN1L,-1
HNRNPA1,-1
HNRNPAB,-1
HNRNPC,-1
HNRNPD,-1
HNRNPK,-1
HNRNPL,-1
HNRNPU,-1
HNRNPUL2,-1
HPS4,2
HRH1,-1
HSFY1,2
HSP90AA1,-1
HSP90AB1,-1
"HSP90AB1, HSP90AB2P",-1
"HSP90AB1, HSP90AB3P",-1
HSPB1,-1
HSPD1,-1
HSPH1,5
HTATSF1,-1
HTT,-1
HUWE1,-1
IARS,5
IGF2R,-1
ILF3,-1
IMUP,-1
INF2,-1
INO80,-1
IQGAP1,-1
IQSEC1,-1
IRAK1,-1
IRF2BP1,-1
IRF2BP2,-1
IRS1,-1
IRS2,-1
ITPKB,-1
ITPR3,-1
IWS1,-1
JMY,-1
JUN,-1
JUND,-1
JUP,-1
KAT6A,-1
KAT7,-1
KDM1B,-1
KDM3B,-1
KDM4A,-1
KDM4B,-1
KDM5A,-1
KIAA0284,-1
KIAA0528,3
KIAA0913,-1
KIAA0947,-1
KIAA1143,-1
KIAA1211,5
KIAA1429,-1
KIAA1468,-1
KIAA1522,-1
KIAA1671,-1
KIAA1967,-1
KIF1A,5
KIF21A,-1
KIF2A,-1
KIF4A,-1
KLC1,-1
KLC2,-1
KLC3,-1
KRI1,2
KRT18,-1
KTN1,-1
L3MBTL2,-1
LAD1,2
LARP1,-1
LARP4B,-1
LARP7,-1
LASP1,-1
LBR,-1
LCP1,-1
LDHA,-1
LEMD2,-1
LENG8,-1
LEO1,5
LIG1,-1
LIG3,-1
LIMA1,-1
LIMCH1,-1
LIMD1,-1
LIN9,-1
LLGL2,3
LMNA,-1
LMNB1,-1
LMNB2,-1
LMO7,-1
LMTK2,5
LNP,-1
LPP,-1
LRBA,-1
LRRC16A,-1
LRRC47,-1
LRRC9,5
LRRFIP1,-1
LRRFIP2,-1
LSM14A,-1
LSR,-1
LUC7L3,-1
LUZP1,-1
LYAR,-1
LZTS2,-1
MACF1,-1
MAF 1.00,-1
MAGI3,-1
MAP1B,-1
MAP1S,-1
MAP2,-1
MAP2K1,5
MAP2K2,-1
MAP2K7,2
MAP3K2,-1
MAP3K7,-1
MAP4,-1
MAP4K3,2
MAP4K4,-1
"MAP4K4, MINK1",-1
MAP7D1,-1
MAP7D3,-1
MAPK1,-1
MAPK3,-1
MAPRE1,-1
MAPRE2,-1
MAPRE3,-1
MAPT,-1
MARCKS,-1
MARCKSL1,-1
MARK2,-1
MARK3,-1
MATR3,-1
MBD3,-1
MBD4,-1
MCM2,-1
MCM3,1
MCRS1,5
MDC 1.00,-1
MDM2,-1
MED19,2
MELK,-1
MEPCE,-1
METTL14,5
METTL3,-1
MFAP1,-1
MIA3,-1
MICAL1,-1
MICAL3,-1
MICALL1,-1
MICALL2,-1
MIER1,-1
MKI67,-1
MKL1,-1
MKL2,-1
MKNK1,2
MLL2,-1
MLLT10,5
MLLT4,-1
MLLT6,5
MLPH,-1
MON1B,5
MORC2,-1
MPHOSPH8,5
MPRIP,-1
MRGBP,-1
MSH6,-1
MTMR14,-1
MTMR6,-1
MTSS1L,-1
MYBBP1A,-1
MYC,-1
"MYC, MYCN",-1
MYCBP2,-1
MYH9,-1
MYO5A,-1
MYO5B,3
MYO6,5
MYO9B,-1
NAA30,-1
NAB2,-1
NAP1L4,-1
NASP,-1
NCBP1,-1
NCKAP5L,-1
NCOA5,-1
NCOR1,-1
NCOR2,0
NDEL1,5
NDRG1,-1
NDRG3,-1
NEBL,5
NEDD4L,-1
NEK9,-1
NEMF,-1
NES,-1
NF1,-1
NFATC1,-1
NFATC2,-1
NFATC2IP,-1
NFIC,-1
NFIX,-1
NFKB1,2
NFRKB,-1
NGEF,-1
NHSL1,-1
NIPBL,-1
NKAPL,5
NOA1,-1
NOC2L,1
NOLC1,-1
NOP14,-1
NOP2,-1
NOP56,-1
NPM1,-1
NRD1,-1
NSFL1C,-1
NSUN2,-1
NUCKS1,-1
NUMA1,-1
NUMB,-1
NUP153,-1
NUP214,-1
NUP50,-1
NUSAP1,1
ODZ1,5
OSBP,-1
OSBPL10,-1
OSBPL11,-1
OSBPL3,-1
OXR1,-1
PACS1,-1
PACSIN3,-1
PAICS,-1
PAIP1,-1
PAK2,-1
PALLD,-1
PANK2,-1
PANK4,-1
PARD3,-1
PARF,5
PARN,-1
PARP4,-1
PATL1,-1
PAWR,-1
PBXIP1,5
PCBP1,-1
PCBP2,-1
PCIF1,-1
PCYT1A,-1
PDCD4,-1
"PDHA1, PDHA2",-1
PDLIM2,-1
PDLIM4,2
PDS5A,-1
PDS5B,-1
PFKFB2,-1
PFKFB3,-1
PFKL,5
PFKP,-1
PGRMC1,-1
PGRMC2,-1
PHACTR2,-1
PHACTR4,-1
PHC3,-1
PHF13,-1
PHF14,-1
PHF16,5
PHF2,-1
PHF3,-1
PHF6,-1
PHF8,-1
PHIP,-1
PHLDB1,-1
PHLDB2,-1
PHRF1,-1
PIK3C2A,-1
PKD1L1,-1
PKP2,-1
PKP3,-1
PKP4,-1
PLCH1,5
PLEC,-1
PLEKHA2,-1
PLEKHA3,5
PLEKHA5,-1
PLEKHA6,-1
PLEKHA7,-1
PLEKHF2,-1
PLEKHG3,-1
PLEKHG4B,5
PLEKHM1,5
PLIN3,-1
PMS2CL,5
PNISR,-1
PNN,-1
POF1B,-1
POLD3,-1
"POLH, RPS6",-1
POLR2A,5
POLR2M,-1
PPAN,-1
PPFIBP1,-1
PPFIBP2,-1
PPHLN1,-1
PPIG,-1
PPIP5K2,-1
PPM1G,-1
PPM1H,5
PPP1CA,1
PPP1R10,-1
PPP1R12A,-1
PPP1R12C,-1
PPP1R13L,-1
PPP1R18,-1
"PPP1R2, PPP1R2P3",-1
PPP1R3A,5
PPP1R7,-1
PPP1R9B,-1
PPP2R5C,-1
PPP4R2,2
PPP6R2,-1
PRDM2,-1
PRKAA1,-1
PRKAA2,-1
PRKAB1,5
PRKAR1A,-1
PRKAR2A,-1
PRKCD,-1
"PRKD1, PRKD3",-1
PRKD2,-1
PRKDC,-1
PROSER1,-1
PRPF3,-1
PRPF38B,-1
PRPF40A,-1
PRPF40B,-1
PRPSAP2,-1
PRR12,6
PRR14L,-1
PRRC2A,-1
PRRC2C,-1
PSMF1,-1
PTGES3,-1
PTPN12,-1
PTPN23,2
PUM1,-1
PUM2,-1
PXN,-1
R3HDM1,-1
RAB11FIP1,-1
RAB11FIP5,-1
RAB12,-1
RAB3GAP1,-1
RABEP1,2
RABGAP1L,-1
RACGAP1,-1
RAD23A,-1
RAD9A,-1
RAF1,-1
RAI1,-1
RAI14,-1
RALBP1,-1
RALGAPA1,-1
RALY,-1
RANBP2,-1
"RANBP2, RGPD1, RGPD2, RGPD3, RGPD4, RGPD5, RGPD8",1
RANBP3,-1
RAP1GAP,-1
RAPGEF6,-1
RAPH1,-1
RASAL2,-1
RB1CC1,-1
RBBP6,-1
RBM10,-1
RBM12,5
RBM12B,-1
RBM14,-1
RBM15,-1
RBM15B,1
RBM25,1
RBM3,1
RBM34,-1
RBM47,-1
RBM5,-1
RBM8A,-1
RBMX2,-1
RCOR1,5
REPS1,-1
RFC1,-1
RFX1,2
RGL2,5
RGL3,-1
RGS12,-1
RGS3,-1
RICTOR,-1
RIN1,-1
RIOK1,-1
RIOK2,-1
RNASE4,5
RNASEH1,2
RNF214,5
RNF219,-1
RPL14,5
RPL29,5
RPL31,5
RPL34,-1
RPLP2,-1
RPS27,5
RPS6,-1
RPS6KA1,-1
"RPS6KA1, RPS6KA3",-1
RPS6KA4,-1
RPS6KB1,-1
RRAGC,-1
RREB1,-1
RRM2,-1
RRP8,-1
RSL1D1,-1
RSRC2,-1
RTN4,-1
RUNX1,-1
RXRA,2
SAFB,-1
"SAFB, SAFB2",-1
SAMD4B,-1
SARG,-1
SART1,-1
SASH1,-1
SBNO1,-1
SCAF11,-1
SCAF4,-1
SCAMP3,-1
SCML2,-1
SCRIB,-1
SDAD1,5
SDCCAG8,5
SEC14L1,-1
SEC16A,-1
SEC22B,-1
SEC31A,-1
SEC61B,5
SENP3,-1
SEPT2,-1
SERBP1,-1
SET,-1
SETD1A,-1
SETD1B,-1
SETX,-1
SF1,-1
SF3B1,-1
SF3B2,-1
SFSWAP,-1
SGCZ,2
SGK223,-1
SGTA,-1
SGTB,-1
SH2B1,-1
SH3BP1,-1
SH3BP4,-1
SH3RF1,6
SHC1,-1
SHROOM3,-1
SIPA1L2,-1
SIPA1L3,-1
SKAP2,3
SKP1,-1
SLC20A2,-1
SLC25A46,2
SLC9A1,-1
SLC9A3R1,1
SLK,-1
SLTM,-1
SMARCA4,-1
SMC3,-1
SMCR7L,5
SMCR8,-1
SMEK1,-1
SMG9,-1
SMN1,-1
SNRNP70,-1
SNW1,5
SNX29,5
SOGA1,-1
SOGA2,-1
SON,-1
SORBS3,-1
SP100,-1
SPAG9,-1
SPECC1,-1
SPECC1L,-1
SPEN,-1
SPHK2,5
SPTAN1,-1
SPTBN1,-1
SPTBN2,-1
SQSTM1,-1
SRCIN1,-1
SRF,-1
SRFBP1,-1
SRPK1,-1
SRRM1,-1
"SRRM1, USP24",-1
SRRM2,-1
SRRT,-1
SRSF1,-1
SRSF10,-1
SRSF11,-1
SRSF2,-1
SRSF3,-1
SRSF4,-1
SRSF6,-1
SRSF7,5
SSB,5
SSH3,-1
"ST13, ST13P4",-1
STAC2,-1
STAG1,-1
STARD10,-1
STAU2,3
STC2,-1
STIP1,-1
STK10,-1
STK11IP,5
STK3,5
STK32C,2
STMN1,-1
STUB1,-1
SUB1,-1
SUMO1,-1
SUPT16H,-1
SUPT5H,-1
SURF6,-1
SVIL,-1
SYAP1,5
SYCP2,-1
SYF2,-1
SYMPK,-1
SYNRG,-1
SYTL2,3
TAB2,-1
TACC1,-1
TACC2,-1
TANC1,-1
TANC2,-1
TBC1D1,5
TBC1D10B,-1
TBC1D16,5
TBC1D4,-1
TBC1D5,-1
TBC1D9B,-1
TBX2,-1
TC2N,5
TCEA1,-1
TCF12,-1
TCF20,-1
TCOF1,-1
TDP1,-1
TDP2,-1
TDRD3,0
TECPR2,5
TEX2,-1
TFEB,-1
THOC1,-1
THOC2,-1
THRAP3,-1
TJP1,-1
TJP2,-1
TJP3,-1
TLE3,-1
TMEM57,-1
TMF1,-1
TMPO,-1
TMSB4X,-1
TMX1,-1
TNIK,-1
TNKS1BP1,-1
TNS3,-1
TOM1,-1
TOP2A,-1
TOP2B,-1
TOP3A,3
TOPBP1,-1
TOX4,-1
TP53,-1
TP53BP1,-1
TP53BP2,-1
TPD52,-1
TPD52L1,-1
TPD52L2,-1
TPR,-1
TPX2,-1
TRA2A,-1
"TRA2A, TRA2B",-1
TRA2B,-1
TRAFD1,-1
TREX1,2
TRIM24,-1
TRIM28,-1
TRIM33,-1
TRIM47,-1
TRIM56,-1
TRIO,-1
TRIP12,-1
TRPS1,-1
TSC2,-1
TSC22D4,-1
TTK,-1
TTLL13,5
TXNRD3,-1
U2AF2,-1
U2SURP,-1
UBA1,-1
UBAP1,-1
UBAP2L,-1
UBE4B,-1
UBR4,-1
UBR5,-1
UBXN6,5
UBXN7,-1
UCK2,-1
UFD1L,-1
UIMC1,-1
ULK1,-1
UNG,-1
URI1,-1
USO1,-1
USP1,-1
USP14,-1
USP24,-1
USP39,-1
USP43,-1
USP54,-1
UVRAG,-1
VCL,-1
VIMP,5
VPRBP,-1
VPS4B,11
WAC,-1
WBP7,-1
WDFY3,-1
WDR33,-1
WDR4,5
WDR43,5
WDR44,-1
WDR62,-1
WFS1,-1
WHSC1,-1
WHSC2,-1
WIZ,-1
WNK1,-1
WRNIP1,-1
WWC1,-1
WWC3,5
XPC,-1
XRN2,-1
YAP1,-1
YBX1,-1
YEATS2,0
YTHDC1,-1
YTHDF2,-1
ZBTB7A,-1
ZC3H13,-1
ZC3H14,-1
ZC3H18,1
ZC3H4,-1
ZC3HAV1,-1
ZC3HC1,-1
ZCCHC6,-1
ZCCHC8,-1
ZDHHC5,-1
ZFC3H1,-1
"ZFP36L1, ZFP36L2",5
ZFP91,11
ZFR,5
ZFYVE16,-1
ZKSCAN1,-1
ZNF185,-1
ZNF217,-1
ZNF295,-1
ZNF316,-1
ZNF318,-1
ZNF326,5
ZNF434,2
ZNF444,-1
ZNF446,2
ZNF498,-1
ZNF609,-1
ZNF704,-1
ZNF768,1
ZNF770,5
ZNF793,-1
ZNHIT3,-1
ZNRF2,-1
ZRANB2,-1
ZYX,-1
ZZZ3,3
"ACTA1, ACTA2, ACTB, ACTC1, ACTG1, ACTG2, POTEE, POTEF, POTEI",-1
ADAM17,-1
ARNTL,-1
ATXN1L,-1
CD97,-1
"CSDA, YBX1, YBX2",-1
DDX5,7
DRAM2,17
DSN1,-1
EHBP1,-1
EPHA2,-1
EXOC4,-1
FBXO38,-1
FRS2,-1
IFT140,17
IFT43,-1
IMPDH2,-1
IQGAP2,-1
LRRC41,-1
LSMD1,-1
NO66,-1
OPTN,-1
PCM1,-1
PDE4D,-1
PTPN3,-1
RHBDF2,-1
RPL37A,-1
SLC9A7,-1
SOS 1,-1
TMEM230,-1
YLPM1,-1
YTHDC2,-1
ZNF280D,-1
AATF,-1
ADD2,-1
AKAP1,-1
AKAP8,-1
AKT2,-1
ANTXR1,-1
AP1AR,-1
ARNT,-1
ATAD2B,-1
ATP5B,-1
BAD,-1
BASP1,-1
BDP1,-1
BET1,-1
BRD2,-1
CALCOCO2,-1
CCDC88A,-1
CCDC92,-1
CCNF,-1
CCNT2,-1
CDKL5,-1
CHFR,-1
CHMP5,-1
CPLX2,-1
CRIM1,-1
CTDNEP1,-1
DDX20,-1
DNAJC2,-1
DYNC1I2,-1
EHBP1L1,-1
EIF2AK3,7
EPB49,-1
EXOSC9,-1
FAM123A,-1
FGD6,-1
FTSJ3,-1
FUNDC2,-1
GCLC,-1
GLI2,-1
GRB10,-1
GSTP1,-1
"HDAC4, HDAC5, HDAC9",-1
HECTD1,-1
HECW1,-1
IRF2BPL,-1
KANK1,-1
KANK2,-1
LAS1L,-1
LYSMD2,-1
MAST3,-1
MED13L,-1
METTL1,-1
MEX3C,-1
MFF,-1
MINK1,-1
MLLT3,-1
MTDH,-1
MTOR,-1
MTUS1,-1
MYO18A,-1
NFATC3,-1
NFE2L2,-1
OSBPL1A,-1
OTUD7B,-1
PAK4,-1
PAPOLA,-1
PHF23,-1
PLXNB2,-1
QSER1,-1
RAB3IL1,-1
RAP1GAP2,-1
RERE,-1
RFTN1,-1
RGNEF,-1
RPRD2,-1
RRAS2,-1
RRP1B,-1
RTKN,-1
SEPT7,-1
SLC19A1,-1
SLC26A2,-1
SLC45A1,-1
"SLC4A10, SLC4A7",-1
SLC9A2,-1
SNX16,-1
SPATS2L,-1
SSH1,-1
ST13,-1
SYNPO,-1
TGOLN2,-1
"TUBA1A, TUBA1B, TUBA1C, TUBA3C, TUBA4A, TUBA8, TUBAL3",-1
WDR7,-1
YWHAZ,-1
ZC3H11A,-1
ZFP36L2,-1
ZMYND8,-1
ZNF395,-1
ZNF507,-1
", RHPN2",-1
ABCF2,-1
ABL2,-1
ARFIP1,-1
ATP7A,-1
BAIAP2L1,-1
BTRC,-1
CALD1,-1
CDC25B,-1
CDC42SE1,-1
CDCA2,-1
CLN6,-1
DNAJB14,-1
EEF2,-1
EHD2,-1
ELAVL1,-1
"EPB41L2, EPB41L3",-1
EPN2,-1
EPS8,-1
ERC1,-1
FAM193A,-1
FAM207A,-1
FAM208A,-1
FANCD2,-1
FMNL2,-1
GCN1L1,-1
GPRC5B,-1
GPRC5C,-1
HERC1,-1
HIST1H1D,-1
IGHMBP2,-1
KATNB1,-1
KIAA0930,-1
KPNA2,-1
KSR1,-1
LIMS1,-1
"MAP4K4, MINK1, TNIK",-1
MIER3,-1
NHLRC2,-1
NUFIP2,-1
PPP1R14B,-1
PRRC2B,-1
PTRF,-1
RAB10,-1
RASSF2,-1
"RASSF2, RASSF4",-1
RECQL4,-1
RHBDF1,-1
RIF1,-1
RIN2,-1
SCAPER,-1
SGOL1,-1
SLC2A1,-1
SLC7A11,-1
SMARCAD1,-1
SRXN1,-1
SUN2,-1
SYNE1,-1
TAF3,-1
TCF3,-1
TLN1,-1
TMEM237,-1
TMUB1,-1
TTC28,-1
TTC39B,-1
TUT1,-1
USP36,-1
VASP,-1
VIM,-1
WDR20,-1
ZFP36L1,-1
ZFYVE20,-1
ZNF335,-1
"ACTA1, ACTA2, ACTB, ACTC1, ACTG1, ACTG2",-1
AMOT,-1
AMOTL1,-1
ANKRD17,-1
ATP11B,-1
BRD4,-1
C14orf43,-1
C17orf28,-1
C22orf15,-1
C2CD2L,-1
CASZ1,-1
CDC42EP1,-1
"CDK2, CDK3",-1
CGN,-1
CUX1,-1
DBN1,-1
DDX46,-1
DECR2,-1
DNAJC6,-1
DOCK6,-1
DYNC1LI1,-1
EIF3A,-1
FAM54B,-1
FNIP1,-1
FOXO4,-1
HNRNPM,-1
IGFBP5,-1
KIF13B,-1
"KLF12, KLF3, KLF5, KLF7, MYNN, ZNF101, ZNF124, ZNF137P, ZNF14, ZNF167, ZNF177, ZNF182, ZNF184, ZNF195, ZNF202, ZNF217, ZNF227, ZNF248, ZNF253, ZNF263, ZNF266, ZNF286A, ZNF286B, ZNF287, ZNF300, ZNF322, ZNF391, ZNF396, ZNF41, ZNF433, ZNF44, ZNF442, ZNF443, ZNF48, ZNF486, ZNF491, ZNF567, ZNF572, ZNF573, ZNF615, ZNF624, ZNF629, ZNF630, ZNF669, ZNF677, ZNF682, ZNF69, ZNF699, ZNF70, ZNF709, ZNF713, ZNF716, ZNF76, ZNF782, ZNF79, ZNF823, ZNF826P, ZNF852, ZNF860, ZNF878, ZSCAN16, ZSCAN2, ZSCAN20",-1
LPIN1,-1
MMTAG2,-1
MTA1,-1
NBEAL2,-1
PGM1,-1
PGM2,-1
PGM2L1,-1
PPP1R3C,-1
PRPF4B,-1
RLF,-1
RPS2,-1
"RPS6KA1, RPS6KA3, RPS6KA6",-1
RPS6KA5,-1
SCAF1,-1
SH3GLB2,-1
SIRT1,-1
SLC9A3R2,-1
SRGAP2,-1
STRN4,-1
SYNJ1,-1
USP5,-1
WDHD1,-1
WEE1,-1
"ZNF141, ZNF721, ZNF732",-1
ZNF148,-1
ATG2B,-1
C10orf11,-1
CDCA5,-1
CDK16,-1
CYB5B,-1
DDX23,-1
DDX3X,-1
GUCY2F,-1
HNRNPUL1,-1
JARID2,-1
KANSL3,-1
KLHL36,-1
LAMTOR1,-1
MED24,-1
MMGT1,-1
MTFR1,-1
NOTCH2,-1
NUAK1,-1
PALM,-1
PDE1C,-1
"PDE4A, PDE4B, PDE4C, PDE4D",-1
PRELID2,-1
"RPS10, RPS10P5",-1
STX12,-1
THOC5,-1
"WASH2P, WASH3P",-1
API5,-1
C1orf106,-1
CASKIN2,-1
IL17RA,-1
PLCB3,-1
PLCB4,-1
PRKD1,-1
"PRKD1, PRKD2, PRKD3",-1
SH2D4A,-1
SKA3,-1
SMARCA5,-1
SPATA2,-1
", TUBB, TUBB2A, TUBB2B, TUBB4A, TUBB4B, TUBB6, TUBB8",15
AACS,-1
AAGAB,11
AARS,-1
AARSD1,-1
ABCG1,15
"ABL1, ABL2",-1
ABR,-1
ACAP1,15
ACBD7,15
ACTR10,-1
ADAM11,15
"ADD1, ADD2, ADD3",-1
ADRM1,1
AEBP2,1
AFTPH,-1
AGAP2,13
AHDC1,-1
AIFM2,15
AKAP11,-1
AKAP13,-1
AKAP9,12
AKIRIN2,-1
AKNA,-1
AKR7A2,13
AKTIP,-1
ALDH1L2,12
ALG3,-1
ALMS1,-1
ALS2,-1
ALYREF,13
AMPD2,-1
ANAPC1,-1
ANKHD1,-1
ANKRD13A,-1
ANKRD28,15
"ANP32A, ANP32D",-1
ANXA4,-1
AP2A1,-1
AP3B1,-1
APBB1IP,-1
APC,-1
ARAF,-1
ARAP1,-1
ARGLU1,-1
ARHGAP1,-1
ARHGAP10,12
ARHGAP11A,-1
ARHGAP12,3
ARHGAP15,13
ARHGAP25,15
ARHGAP30,15
ARHGAP4,12
ARHGAP9,-1
ARHGDIA,-1
ARHGDIB,13
ARHGEF6,15
"ARHGEF6, ARHGEF7",-1
ARHGEF7,-1
ARID1A,-1
ARID2,13
ARID3A,15
ARID4A,13
ARID4B,1
ARID5B,-1
ARL6IP6,7
ARMC10,12
ARMCX4,12
ARPC1B,11
ARPP19,7
"ARPP19, ENSA",0
"ARPP21, R3HDM1",13
ASPH,-1
ASPM,1
ASTL,-1
ASXL2,-1
"ATF1, CREB1, CREM",-1
ATF7,-1
ATG2A,-1
ATG4D,11
ATL2,-1
"ATP2B1, ATP2B2",-1
ATRIP,11
ATXN2,-1
ATXN7L3,-1
AVL9,15
BACH2,12
BAG2,-1
BAG4,-1
BAZ2A,0
BCAS4,12
BCL10,-1
BCL11A,11
BCL2,12
BCL2L11,-1
BCL2L13,-1
"BCLAF1, ZFHX2",15
BCOR,6
BEGAIN,0
BICD1,-1
BIN2,13
BLM,-1
BMP2K,12
BPTF,-1
BRCA2,15
BRD8,-1
BRIP1,-1
BRMS1,13
BRSK2,15
BRWD1,-1
BSN,12
BTK,-1
BUB1,12
BUB1B,-1
BZW1,-1
C12orf45,-1
C12orf51,15
C16orf88,-1
C17orf56,6
C17orf62,12
C19orf29,11
C1orf144,1
C1orf148,12
C1orf227,15
C2orf44,-1
C3orf37,-1
C3orf75,15
C6orf228,12
"C9orf129, FAM120A",12
CAAP1,11
CABIN1,-1
CABLES1,-1
CACNB2,12
CADPS,12
CALM1,-1
CALR3,-1
"CAMK2B, CAMK2D, CAMK2G",-1
CAMK2D,-1
CAMKK2,-1
CASP2,11
CASP8AP2,11
CBFA2T2,-1
CBL,-1
CBLB,6
CBLL1,13
CBX1,13
CC2D1A,13
CCAR1,13
CCDC102A,12
CCDC130,-1
CCDC61,-1
CCDC81,12
"CCDC86, SLC12A9",15
CCDC88B,-1
CCDC91,15
CCDC94,13
CCNL2,6
CCP110,2
CCT3,-1
CD19,12
CD74,15
CD79A,12
CD79B,15
CDC20,-1
CDC23,-1
CDC25C,3
CDC42SE2,12
CDC6,-1
CDCA3,-1
CDCA7L,-1
CDCA8,12
CDH19,15
"CDK11A, CDK11B",-1
CDK13,-1
CDK14,15
"CDK16, CDK17",7
CDK17,2
CDS2,-1
CDV3,13
CEBPZ,13
CEND1,12
CENPJ,6
CENPN,15
CEP135,11
"CEP350, NTHL1",15
CEP41,15
CERS2,12
CFDP1,-1
CFL1,-1
CHAF1A,12
CHAF1B,1
CHD7,0
CHD9,-1
CHEK1,-1
CHERP,-1
CHORDC1,-1
CIRBP,-1
CIT,-1
CKAP5,13
CLASRP,-1
CLDN12,-1
CLDN23,12
CLIC1,13
CLSPN,-1
CMPK1,15
CNBP,-1
CNGB3,15
CNNM3,12
CNOT2,-1
COIL,-1
COL19A1,15
COPE,-1
CORO7,-1
CPA6,15
CPEB4,-1
CPSF1,13
CPSF2,-1
CPSF4,-1
CPSF6,13
CREB1,11
CREM,-1
CRKL,-1
CRTC1,-1
CSF2RB,12
CSNK1D,-1
CSRNP1,6
"CTAGE1, CTAGE5",-1
CTAGE5,12
CTBP1,12
CTR9,-1
CWC25,-1
CXCR4,15
CXXC1,12
CXorf23,-1
CXorf38,-1
CYFIP2,15
DAAM1,15
DAPP1,13
DAXX,-1
DBF4,12
DCK,-1
DCUN1D5,6
DDA1,-1
DDI2,-1
DDX17,-1
DDX3Y,-1
DDX52,-1
DEF6,11
DENND1C,15
DENND4B,-1
DEPDC5,12
DGKD,15
"DGKD, DGKH",-1
DGKZ,12
DHX30,-1
DHX9,13
DICER1,4
DIP2B,-1
DLG2,15
DLGAP5,-1
DMXL1,-1
DNAJC21,11
DNAJC5,-1
DNAJC8,-1
DNAJC9,-1
DNM2,-1
DNMBP,17
DNMT1,-1
DNTTIP2,-1
DOCK2,-1
DOCK8,4
DOK1,-1
DOK3,15
DOT1L,0
DTL,0
DUS3L,13
DYNC1H1,13
DYNLL2,12
DYRK1A,-1
"E2F3, POLR1D",15
"EAF1, EAF2",15
EDAR,-1
EEA1,15
EEF1D,-1
EEF1G,11
EEPD1,-1
EFCAB4B,15
EFR3A,12
EGLN1,-1
EI24,-1
EIF3B,-1
EIF4EBP3,12
EIF4G3,-1
ELAC2,-1
ELF4,0
EML3,-1
EML4,6
ENTHD1,15
EP300,-1
EPB41,1
"EPB41, EPB41L1, EPB41L2, EPB41L3, FRMD5",15
ERGIC2,7
ESPL1,15
ETS1,11
EVI2B,11
EVL,15
FAM116A,15
FAM116B,15
FAM120A,1
FAM126A,-1
FAM133B,13
FAM134C,-1
FAM135A,12
FAM184B,12
FAM18A,-1
FAM208B,-1
FAM213A,12
FAM53C,-1
FAM54A,-1
FAM65B,15
FAM73B,12
FAM76B,-1
FAM83G,-1
FAM91A1,11
FANCI,12
FARP2,1
FBL,13
FBXO33,15
"FBXO41, FRYL, ZNF365",-1
FBXO42,-1
FBXO46,-1
FCHO1,15
FERMT3,-1
FGD3,13
FMNL1,-1
FNBP4,1
FNDC3A,12
FNDC7,12
FNTA,15
FOXM1,7
FOXP4,15
FRMD5,12
G3BP1,13
GAPDH,15
GART,-1
GATAD2A,-1
GCET2,15
"GEMIN6, NCK2",15
GFPT1,-1
GGA3,15
GIT2,13
GLCCI1,6
GMIP,6
GMNN,12
GNL3,7
GPR18,15
GPRIN3,12
GPSM3,15
GRWD1,13
GSE1,-1
GSPT1,13
GTPBP1,12
GTSE1,-1
H2AFY,-1
"H2BFS, HIST1H2BA, HIST1H2BB, HIST1H2BC, HIST1H2BD, HIST1H2BH, HIST1H2BJ, HIST1H2BK, HIST1H2BL, HIST1H2BM, HIST1H2BN, HIST1H2BO, HIST2H2BE, HIST2H2BF, HIST3H2BB",15
"H2BFS, HIST1H2BC, HIST1H2BD, HIST1H2BH, HIST1H2BK, HIST1H2BL, HIST1H2BM, HIST1H2BN, HIST2H2BF",15
HADHA,12
HARS2,12
HAUS1,12
HAUS6,-1
HAUS8,7
HCLS1,-1
HDAC1,13
HDAC9,13
HECW2,15
HEG1,12
HIF1A,-1
HIPK1,12
HIRIP3,-1
"HIST1H1C, HIST1H1D, HIST1H1E",13
HIVEP1,-1
HJURP,-1
HLA-A,11
HMBOX1,13
"HMGN2, HMGN3",-1
HMGN5,1
HMHA1,13
HMMR,1
"HNRNPA1, HNRNPA1L2",13
HNRNPA2B1,-1
HNRNPA3,7
HNRNPH1,13
"HPCA, HPCAL1, NCALD",-1
HPS5,6
"HS6ST2, HS6ST3",15
"HSP90AA1, HSP90AB1",15
HSPA4,-1
HSPA8,-1
IBTK,-1
ID2,13
IKBKAP,15
IKBKG,12
IKZF1,17
"IKZF1, IKZF3",15
IKZF2,15
IKZF3,-1
IL10RB,15
IL16,-1
ILKAP,13
INCENP,-1
ING3,12
INO80E,12
INPP5D,17
INTS1,-1
INTS12,13
IPO5,15
IRF2,15
IRF3,-1
ITM2C,15
ITSN2,-1
JDP2,7
"JUN, JUND",-1
KBTBD8,13
"KCNAB1, KCNAB2",15
KCNIP2,15
KDM1A,-1
KDM2A,6
KDM2B,-1
KDM3A,6
"KDM5C, KDM5D",-1
KHSRP,-1
KIAA0494,12
KIAA0564,-1
KIAA0753,12
KIAA1191,-1
KIAA1704,13
KIAA1875,-1
KIF11,13
KIF15,0
KIF18B,-1
KIF20A,1
KIF20B,-1
KIF21B,-1
KIF22,-1
KIF27,15
KIF3A,3
KIF5A,12
KIF5B,12
KIFAP3,15
KLC4,2
KLHDC4,13
L1CAM,13
LARP4,12
LARS,-1
LAT2,17
LEMD3,-1
LENG1,-1
LIMD2,-1
LIME1,12
LIN54,-1
LIPE,15
"LMNB1, LMNB2",-1
LNPEP,-1
LPXN,13
LRCH1,7
LRCH3,-1
LRCH4,-1
LRMP,11
"LRRC1, SCRIB",12
LRRC8A,12
LRWD1,11
LSP1,13
LUC7L2,-1
LY9,15
LYL1,15
MADD,-1
MAP2K6,15
MAP3K11,3
MAP3K5,12
MAP4K1,-1
MAP4K2,-1
MAP4K5,3
MAPK14,-1
MAPK1IP1L,-1
MAPK8IP3,12
MAPKAP1,7
MAST2,0
MASTL,6
MAVS,12
MBD1,-1
MBD2,-1
MCM3AP,13
MCM4,1
MCPH1,12
MCTP2,15
MDH1,13
MDM4,15
MEA1,-1
MED1,-1
MED13,-1
MEF2A,-1
MEF2B,-1
MEF2C,15
MEF2D,-1
MEN1,13
METAP2,-1
MGA,-1
MGEA5,-1
MIS18A,13
MIS18BP1,-1
MKI67IP,-1
MKX,12
MLL,-1
MLL3,6
MME,12
"MOGAT2, SAFB",-1
MON1A,4
MORC3,-1
MPHOSPH10,13
MPLKIP,11
"MPP3, MPP7",15
MRPS36,12
MS4A1,15
MSL1,-1
MTA2,-1
MTM1,-1
MTMR1,13
MTMR12,7
MYBL1,12
MYBL2,-1
MYH10,-1
"MYL12A, MYL12B, MYL9",-1
MYL6,15
MYO1G,15
MYO9A,-1
N4BP2,12
N4BP3,15
NAA15,-1
NADK,-1
NAF1,11
NAMPT,13
NAP1L1,13
NAPRT1,-1
NAV1,-1
NAV2,-1
NCAPD2,-1
NCAPD3,-1
NCAPG,-1
NCAPH,-1
"NCF1, NCF1B, NCF1C",15
NCK1,-1
NCL,-1
NCOA2,-1
NCOA3,1
NCOA7,-1
NDE1,4
NDUFS8,3
NECAP2,3
NEDD1,15
NEDD9,12
NEK1,-1
NEK4,6
NEK7,12
NET1,-1
NFATC4,0
NFIA,-1
NFKBIE,12
NFXL1,1
NIN,15
NMT1,-1
NOL8,-1
NONO,12
NOSIP,-1
NPAS2,15
NPAT,13
NR2C2,1
NR3C1,-1
NR4A1,15
NT5C2,-1
NTHL1,-1
NUDC,15
NUDCD1,15
NUF2,-1
NUP107,-1
NUP133,-1
NUP210,12
NUP35,-1
NUP98,-1
OCIAD1,-1
OFD1,-1
OGT,13
OR2L2,12
ORC6,6
OSBPL8,-1
OSBPL9,13
OSTF1,-1
OXSR1,-1
P2RY8,15
"PABPC1, PABPC3",13
PACSIN1,13
PAF1,13
PAFAH1B2,-1
PAG1,12
PAK1,-1
PAK1IP1,12
PAPOLG,-1
PARG,-1
PARP8,15
PAX5,12
PBK,-1
PBRM1,-1
PCDH9,12
PCF11,-1
PCNT,-1
PCNXL3,12
PDAP1,-1
PDCD5,12
PDCD6IP,-1
PDE3B,-1
PDHA1,-1
PDLIM1,-1
PDLIM5,-1
PDXDC1,-1
PDZD8,2
PEA15,-1
PEX1,-1
PFKM,15
PGM3,15
PHAX,-1
PHC1,-1
PHKA2,13
PI4KA,-1
PI4KB,-1
PIEZO1,-1
PIEZO2,-1
PIK3AP1,13
PIKFYVE,-1
PITPNB,-1
PKMYT1,-1
PKN1,13
PLCB1,12
PLCG2,13
PLD2,-1
PLEK,15
PLEKHG1,15
PLEKHO2,12
PML,-1
POGZ,-1
POLA1,3
POLA2,12
POLR3C,13
POLR3D,12
POLR3G,13
POM121,15
"POM121, POM121B, POM121C",-1
POM121C,-1
POU2F2,12
"PPFIA1, PPFIA4",-1
PPIL4,15
PPIP5K1,12
PPP1R35,6
PPP1R3D,-1
PPP2R5A,11
PPP2R5D,-1
PPP2R5E,-1
PPP3CB,-1
PPP3CC,15
PPP6R1,-1
PQBP1,-1
PRC1,7
PRCC,-1
PRDX2,-1
PRKAR2B,15
PRKCA,15
PRKCE,15
PRKD3,11
PRKRA,-1
PRPF31,-1
PRPF38A,-1
PRPF6,-1
PRPF8,13
PRR11,-1
PSEN1,12
PSIP1,-1
PSMA5,-1
PSMD11,-1
PSMD12,-1
PSMD2,2
PSMD3,13
PSME4,15
PSRC1,12
PTBP1,1
PTBP2,15
PTDSS1,-1
PTK2,-1
PTK2B,-1
PTOV1,6
PTPLAD1,-1
PTPN11,-1
PTPN22,17
PTPN7,-1
PTPRA,-1
PTPRC,15
PTPRCAP,12
PTS,15
"PTTG1, PTTG2",12
PXK,15
"PYGB, PYGM",-1
PYGO2,-1
QARS,15
"R3HDM1, R3HDM2",-1
R3HDM2,-1
RAB1A,12
RAB22A,-1
RAB3IP,12
RAB6A,12
RAB7A,-1
RABGAP1,-1
RABGEF1,-1
RAD18,-1
RAD23B,-1
RAD50,15
RAD51AP1,0
RAD54L,15
RAD54L2,15
RALGAPB,-1
RALGPS2,6
RANBP1,-1
"RANBP2, RGPD1, RGPD2, RGPD3, RGPD4",12
"RANBP2, RGPD3, RGPD4",-1
"RANBP2, RGPD3, RGPD4, RGPD5, RGPD8",17
RAPGEF1,-1
RAPGEF2,6
RAPGEF5,15
RASA2,15
RASA3,15
RASAL3,13
RASGRP2,-1
RASSF1,15
RASSF6,12
RAVER1,-1
RB1,-1
RBBP8,6
RBL1,-1
RBL2,-1
RBM17,-1
RBM26,-1
RBM33,3
RBM39,-1
RBM42,12
RBM6,-1
RBM7,-1
"RBMX, RBMXL1",-1
"RCAN1, RCAN3",-1
RCL,-1
RCOR3,11
RCSD1,-1
RDBP,-1
REEP4,-1
RELB,-1
RELL1,12
REPIN1,1
REXO4,-1
RFC3,15
RFX5,-1
RFX7,0
RFXAP,15
RGCC,12
RGS10,-1
RGS14,-1
RIPK1,-1
RIPK2,-1
RLTPR,-1
RMI1,-1
RNF169,-1
RNF20,13
RNF25,-1
RNF4,1
RNF8,15
RNPS1,-1
ROCK1,-1
RPA1,-1
RPAP3,-1
RPL12,13
RPL18A,-1
RPL19,-1
RPL21,-1
"RPL3, RPL3L",-1
RPL30,11
RPL4,-1
RPL5,-1
RPL6,-1
"RPLP0, RPLP0P6",-1
"RPLP1, RPLP2",-1
RPP30,-1
RPS14,-1
RPS15,-1
RPS21,15
RPS27A,15
RPS28,-1
RPS3A,-1
RRBP1,-1
RRM2B,12
RRP12,-1
RRP15,-1
RRP9,13
RSBN1,4
RSF1,-1
RSPH4A,12
RTF1,-1
RWDD2B,-1
RYR3,15
SACS,-1
SAMSN1,-1
SAP30BP,-1
SASH3,15
SCAMP1,12
SCYL1,-1
SDK2,-1
SEC62,-1
SEC63,15
SENP1,-1
SENP2,15
SENP7,11
SEPT1,-1
SEPT6,7
SEPT9,-1
SERF2,15
SETD2,-1
SETMAR,15
SFPQ,-1
SGPP1,12
SGSM2,15
SH2B2,11
SH2D3C,-1
SH3GL1,-1
SH3KBP1,-1
SIK1,15
SIK2,13
SIK3,-1
SIN3A,-1
SIN3B,15
SIPA1,-1
SIPA1L1,-1
SIRT2,12
SIT 1.00,12
SKAP,13
SLA,12
SLAIN1,15
SLAIN2,-1
SLBP,-1
SLC10A7,15
SLC16A1,-1
SLC20A1,3
SLC25A47,12
SLC38A1,-1
SLC39A11,15
SLC43A1,15
SLC44A1,15
SLC4A1AP,12
SLC4A2,12
SLC4A7,-1
SLC7A6OS,-1
SLCO4A1,12
SLIRP,12
SLX4,-1
SMAD2,13
SMAP2,-1
SMARCC2,13
SMC5,-1
SMEK3P,15
SMG6,7
SMG7,-1
SMNDC1,1
SMPD4,-1
SMTN,-1
SNAP23,-1
SNIP1,-1
SNRNP27,-1
SNRPA1,13
SNRPC,-1
SNRPF,13
SNTB1,12
SNTB2,-1
SNUPN,-1
SNX1,7
SNX17,-1
SNX2,-1
SNX29P2,15
SNX3,13
SNX30,12
SORBS2,15
"SOX1, SOX3",12
"SOX5, SOX6",15
SPAG5,12
SPAST,12
SPE39,11
SPICE1,-1
SPN,-1
SRA1,1
SRC,2
SREK1,15
"SRRM1, SRSF1, TRA2A, TRA2B",13
SRSF5,-1
SRSF8,12
SRSF9,-1
SSBP2,-1
SSFA2,-1
SSR1,12
SSR3,7
SSRP1,-1
STAG2,-1
STAMBPL1,12
STAP1,15
STARD3NL,12
STAT1,-1
STAT2,13
STAU1,-1
STIM1,-1
STIM2,15
STK35,15
STK39,-1
"STMN1, STMN2",13
STT3B,-1
STX7,12
SUGP2,-1
SUGT1,12
SUPT6H,-1
SUSD3,12
SWAP70,12
SYCE1,15
SYK,15
SYNE2,-1
SYVN1,12
TACC3,-1
TAF15,-1
TAF6,-1
TAF9,-1
TAGLN2,-1
TANK,-1
TAOK1,-1
TAOK2,-1
TAOK3,-1
TATDN2,11
TAX1BP1,12
TBC1D10A,6
TBC1D10C,12
TBC1D15,-1
TBC1D22A,-1
TBC1D22B,-1
TCEB3,-1
TCF4,-1
TERF1,-1
TERF2IP,13
TESPA1,15
TFDP1,-1
TFE3,-1
THAP7,15
THUMPD1,13
TIAM1,12
TIAM2,15
TICAM1,12
TICRR,-1
TINF2,12
TJAP1,-1
TK1,-1
TLE4,13
TLK1,0
TLL1,15
TMCC1,-1
TMEM131,7
TMEM151B,12
TMEM201,15
TMEM209,12
TMEM35,15
TMEM48,12
TNIP1,-1
TNRC6A,-1
TNRC6B,3
TOB2,13
TOM1L2,-1
TOMM34,13
TOMM70A,-1
TOPORS,-1
TPCN1,15
TPI1,-1
TPM3,13
TRAF2,-1
TRAF4,13
TRAM1,-1
TRAPPC11,15
TRERF1,-1
TRIM22,15
TRIM25,2
TRIM9,-1
TRIP11,1
TRMT1L,13
TRRAP,-1
TSC1,6
TSPYL2,12
TTC7A,7
TTN,-1
"TUBA1A, TUBA1B, TUBA1C, TUBA3C, TUBA3E",-1
"TUBA1A, TUBA1B, TUBA1C, TUBA3C, TUBA4A",13
"TUBA1B, TUBA4A",13
TWISTNB,-1
TXLNG,-1
UBA6,13
UBAP2,-1
UBE2E2,-1
UBE2J1,-1
UBE2O,-1
UBE2T,13
UBR2,12
"UBR4, ZDBF2",15
UCK1,13
UGP2,15
UHRF1,12
UHRF1BP1,6
UHRF1BP1L,-1
UMPS,12
UNC5A,15
UPF3B,-1
USP34,-1
USP42,13
USP47,-1
USP6NL,3
USP8,-1
UTP15,15
UTP3,12
VAPB,-1
VCPIP1,-1
VDAC1,-1
VDAC2,12
VPS13C,-1
VWA7,-1
WAPAL,-1
WAS,-1
WASF2,-1
WBP4,-1
WDR74,-1
WDR75,13
WDR85,15
WIBG,13
WIPF1,15
"WNK1, WNK2",11
WNK2,17
XIRP2,15
XPNPEP1,15
XRCC1,7
XRCC4,13
XRCC6,-1
XRN1,-1
YOD1,12
ZC3H12D,15
ZCCHC17,-1
ZDHHC14,12
"ZDHHC5, ZDHHC8",12
ZFAND4,15
ZFP106,-1
ZMYM4,-1
ZNF24,-1
ZNF281,-1
ZNF592,-1
ZNF608,12
ZNF638,-1
ZNF687,-1
ZNF800,11
ZRSR2,11
ABLIM2,-1
AGTPBP1,-1
AHCYL2,-1
AJUBA,0
ARID1B,0
ASMTL,-1
BRCA1,-1
C19orf57,-1
C1orf226,-1
C9orf16,-1
C9orf40,0
CARS,-1
CCDC76,-1
CCDC85C,-1
CCNYL1,-1
"CDK1, CDK2, CDK3",0
CDK18,-1
CDKN1A,-1
CLEC16A,-1
CLIP2,-1
DACT3,-1
"DCK, UXT",0
DDX24,0
"DUSP6, DUSP7, DUSP9",-1
EAF2,-1
EHD1,-1
EHD4,-1
ELF2,0
EME1,0
FAM219A,-1
FOXL2,0
GAL,0
GATAD2B,0
GTF2IRD1,0
HMX3,0
HNRPDL,-1
HOOK2,-1
HOXC10,0
HSPA12A,-1
INPPL1,-1
ITPR1,-1
IVNS1ABP,0
KANSL1,0
KCTD15,0
KIAA1462,-1
KIF14,-1
KLF3,0
KLF4,0
LCA5,-1
MAFK,-1
MAP1A,-1
MAP2K3,-1
MAP7D2,-1
MAPKBP1,-1
MLF 1.00,-1
MN1,0
MPHOSPH9,0
MSL3P1,0
MYO10,-1
NCAPH2,-1
NEK2,-1
NFIB,0
NSD1,0
PALMD,-1
PARP2,0
"PDPK1, PDPK2",-1
PER1,-1
PHF17,0
PHF19,0
PTPN13,-1
RANBP10,-1
RPL15,-1
RRP36,0
RUNDC3B,-1
SEC23IP,-1
SEPHS1,-1
SETDB1,0
SMEK2,0
SORBS1,-1
SUV39H1,0
TBC1D23,-1
TENC1,0
TET2,0
TFAP4,0
TMCO7,0
TNRC18,-1
TPPP,-1
TPRG1L,-1
TPRN,-1
TRIM37,0
UBE2E1,-1
USP20,-1
VPS37A,-1
VRK3,-1
WDR70,-1
ZC3H12C,-1
ZFHX3,0
ZFP36,-1
ZNF280C,-1
ZNF367,0
ZNF462,0
ZNF532,0
ZNF580,0
ZNF827,0
ABI2,-1
BCL3,-1
BIN1,-1
BNIP3,-1
C15orf52,-1
C2orf69,-1
NDNL2,-1
PLCE1,-1
RNF216,-1
SCAF8,-1
TNS1,-1
YAF2,-1
ARHGEF10,-1
CDC42EP3,-1
ERRFI1,-1
FOSL1,-1
FREM1,-1
GRIP1,-1
ITGB4,-1
MFN2,-1
MSANTD4,-1
NFIL3,-1
NRSN2,-1
SOCS6,-1
SRCAP,-1
TMEM55B,-1
", USP32, USP6",-1
AAAS,-1
AAK1,-1
ABCC1,7
ABCC2,-1
ABHD15,7
"ABI1, ABI3",7
ACOX1,6
AFF1,-1
"AJAP1, CDK11A, CDK11B",-1
ANXA5,3
ARHGAP27,-1
ARHGEF26,7
ASAP1,-1
ATAD5,-1
ATE1,-1
ATL1,7
BACH1,-1
"BAHCC1, TNRC18",7
BAP18,1
BARD1,6
BIRC6,7
"BMP2K, BMP2KL",7
BRD7,-1
BRF1,-1
C17orf75,-1
C17orf85,-1
C1orf131,3
C2orf68,-1
C5orf30,-1
C6orf106,7
C9orf78,-1
CCDC120,7
CCDC82,-1
CCDC9,3
CCM2,-1
"CCNY, CCNYL1",-1
CD276,-1
CD40,7
CDC42BPA,-1
CDC5L,-1
CDK9,7
CDR2,7
CENPT,-1
CFL2,-1
CHTF18,7
CHTOP,7
CLCN7,7
CLTC,-1
CNKSR2,7
CNNM4,7
COL4A3BP,-1
CRAMP1L,7
CREBBP,-1
CREBZF,17
CROCC,-1
CSNK1A1,7
CSTF3,-1
"CTAGE4, CTAGE5, CTAGE6P, CTAGE8",-1
CTNNAL1,7
CUTC,7
CYLD,-1
DAPK1,-1
DAPK3,7
DCBLD2,7
DDX31,7
DDX51,-1
DDX54,-1
DENND5B,7
DHCR7,7
DHX57,-1
"DIP2A, DIP2B",7
DMWD,7
DNM1,-1
DNMT3A,-1
DOCK1,-1
DPYSL3,-1
DVL1,6
ECT2,7
EIF2B5,-1
EMD,-1
ENO1,-1
EP400,7
EPB41L5,-1
ESF1,7
EXOC1,7
"EXOC1, RAB11FIP2",7
FAM102A,7
FAM117B,-1
FAM129A,-1
"FAM13A, FAM13B",7
FAM195A,-1
FAM83D,3
FBXO28,7
FILIP1,-1
FKBP5,-1
FUBP3,-1
GCFC2,-1
GEMIN5,-1
GFPT2,7
GIGYF1,-1
GLIS3,2
GNAS,-1
GRAMD1A,-1
"GRK5, GRK6",-1
GSG2,6
GTF2E2,7
GTPBP4,7
GZF1,-1
H1F0,7
HEATR6,7
"HIST1H3A, HIST2H3A, HIST3H3",-1
HMOX1,7
HNRNPA0,-1
HSF1,-1
"HSPA1A, HSPA1L",-1
HSPA5,-1
"ID2, ID2B",7
IGF1R,7
ILK,-1
INA,-1
ING4,-1
ING5,-1
INO80B,6
INPP4A,-1
INPP5F,7
INTS3,-1
IQGAP3,7
ITGA5,-1
JMJD1C,-1
JUNB,-1
"KALRN, TRIO",7
KAT5,-1
KBTBD11,-1
KHDRBS1,7
KIF16B,-1
KIF1C,6
KIF23,6
KIFC1,-1
LARP1B,-1
LATS2,7
LDB1,7
"LLGL1, LLGL2",-1
LRRC1,-1
MAFG,7
MAP7,-1
"MARK2, MARK3",-1
MAX,-1
MBP,-1
MED12,7
METTL16,-1
MICAL2,7
MLTK,2
"MOB1A, MOB1B",7
MPP5,7
MPZL1,-1
MRF,-1
MVD,-1
MZT2B,-1
N4BP1,-1
NAA10,-1
"NAV2, NAV3",7
NAV3,-1
NBN,-1
NCK2,-1
NEIL3,7
NEO1,7
NF2,7
NGDN,-1
NHS,-1
NMD3,-1
NOP58,-1
NRBP1,-1
NSRP1,7
NUMBL,1
NUP93,-1
ORC1,7
ORC2,7
OSMR,7
"OXSR1, STK39",-1
PA2G4,7
PAF,7
PANK1,-1
PARVA,-1
"PARVA, PARVB",7
PARVB,-1
PCGF6,-1
PEAR1,-1
PEBP1,-1
PEX19,-1
PINX1,-1
"PKN1, PKN2",7
PKN2,-1
PLD1,-1
PLK1,7
"PLXNA1, PLXNA3",7
POC5,2
POLDIP3,-1
PPFIA1,-1
PPP1CC,7
PPP1R12B,-1
"PPP1R14A, PPP1R14B, PPP1R14C",7
PPP1R16A,7
PPP1R9A,7
PRRT3,7
PSMA4,7
PTPN1,7
PVR,-1
RAB11FIP2,7
RAB13,7
"RANBP2, RGPD1, RGPD2, RGPD3, RGPD5, RGPD8",7
RASSF8,7
"RBBP6, SRSF3",-1
RBMX,6
RECQL,-1
REEP3,-1
RG9MTD2,-1
"RGPD1, RGPD2, RGPD3, RGPD5, RGPD8",7
RGS20,7
RHPN2,-1
RNF31,-1
RNF6,-1
RNMT,7
ROBO1,7
RPAIN,7
RPL24,7
RPL7,7
RPP38,-1
RPS26,-1
RPS5,7
RPTOR,-1
RRP1,-1
SAMHD1,-1
SCD,-1
SCYL2,-1
SDPR,-1
SEMA4B,3
SHARPIN,7
SLC12A2,7
SLC19A3,7
SMARCC1,-1
SMC2,-1
SMC6,7
SMG1,-1
SOX13,6
SPATA5,7
SPIRE1,7
SPP1,-1
SRGAP1,-1
"STK3, STK4",-1
STOM,7
STX8,-1
STXBP5,-1
SUFU,7
SYNM,-1
TCEAL1,-1
TCEAL3,-1
TCP1,-1
TFPI2,-1
TGFB1I1,-1
TLE1,6
"TLE3, TLE4",-1
TLK2,2
TMEM184B,-1
TMEM206,-1
TMSB10,-1
TNIP2,-1
TOR1AIP1,1
TP53I11,7
TRIOBP,-1
TRIP10,-1
TRPM7,-1
TTF1,7
TXLNA,-1
UBASH3B,-1
UBN1,-1
UNC45A,-1
"USF1, USF2",7
UTP14A,-1
UXT,7
VGLL4,6
VPS4A,-1
WASL,-1
WDR59,6
"WNK1, WNK2, WNK4",-1
XIAP,-1
XPR1,7
ZC3H8,6
ZFAND6,7
"ZFP112, ZFP28, ZKSCAN5, ZNF132, ZNF16, ZNF160, ZNF18, ZNF214, ZNF222, ZNF223, ZNF224, ZNF225, ZNF226, ZNF227, ZNF229, ZNF233, ZNF234, ZNF235, ZNF24, ZNF267, ZNF271, ZNF273, ZNF28, ZNF285, ZNF319, ZNF322, ZNF415, ZNF441, ZNF445, ZNF45, ZNF468, ZNF513, ZNF534, ZNF573, ZNF616, ZNF660, ZNF664, ZNF665, ZNF701, ZNF736, ZNF765, ZNF791, ZNF806, ZNF814, ZNF816, ZNF841, ZNF844, ZNF888, ZNF93, ZSCAN20",7
ZNF574,7
ZNF593,-1
ZNF629,-1
ZNF644,-1
ZZEF1,-1
AGAP1,3
ALDH16A1,4
"ANK2, ANK3",4
ANKRD11,-1
ANXA1,-1
ARAP3,-1
ARFGAP3,3
ARFIP2,3
ARHGEF10L,4
ARVCF,3
ASCC2,3
ASRGL1,4
ATR,3
AUP1,-1
AVEN,3
BAIAP2L2,-1
BRWD3,4
BSCL2,4
C10orf54,-1
C11orf46,-1
C15orf39,3
C20orf43,3
CASP9,4
CCDC50,3
CCDC64B,4
CDC42BPB,-1
CELSR1,4
CEP68,4
COBLL1,-1
COL17A1,3
CRIP2,-1
CUEDC1,4
DCAF6,-1
DDRGK1,3
DENND2C,3
DGCR2,-1
DHX36,-1
DNAJB1,-1
DNAJC30,3
DOCK9,-1
DSG3,3
DTNBP1,4
DTX3L,-1
DUOX1,-1
DUSP6,4
DVL3,3
EFCAB7,3
EIF2A,-1
EIF4E,3
ELF3,3
EPPK1,4
"ERBB2, HIVEP1, TET1",4
ESRP1,4
EVI5,4
EXOC8,-1
EXOSC10,4
EZR,-1
FAM21C,-1
FAM59A,3
FAM83A,4
FAM83B,-1
FERMT1,-1
FILIP1L,-1
FMN1,4
FRA10AC1,3
FRMD8,-1
"FRMD8, FRMD8P1",-1
GABPA,3
GGT7,-1
GNN,-1
GOLGA2,-1
GPI,4
GPSM2,-1
IER3,-1
IFI16,-1
IFT88,3
IL1A,-1
IL6ST,-1
IRF9,3
ITCH,3
KAZN,-1
KCTD12,4
KIAA0556,-1
KIAA1107,4
KIAA1109,-1
KIF5C,4
KLF13,3
LCMT1,3
LDLRAP1,-1
LRSAM1,3
MAGEA4,3
"MAP2K1, MAP2K2",3
MAP3K1,-1
MAP3K4,-1
MAP3K6,4
MARK4,3
MB21D1,-1
MCMBP,4
MET,-1
MEX3D,4
MKNK2,4
MLF 2.00,4
"MSL3, MSL3P1",-1
MYO1E,-1
NCBP2,4
NCOA6,-1
NDRG2,-1
NFKB2,3
NLRP2,4
NRG2,-1
OCLN,3
OGFR,3
OLR1,-1
OTUD4,3
PACSIN2,-1
PARP12,-1
PCNP,3
PDE4DIP,-1
"PDXDC1, PDXDC2P",3
PJA1,-1
PJA2,4
PKM2,-1
PLEKHH3,3
PLEKHN1,-1
PNPLA6,-1
PPP2R3A,4
PRR14,3
PSD3,3
PSMB4,4
PTPN21,3
PWWP2B,4
R3HCC1L,4
RAB3GAP2,4
RBM27,-1
RBMXL1,-1
RCC2,-1
RIMS3,-1
RPAP1,4
RPRD1B,-1
RPS11,3
RPS6KA3,-1
RTN3,-1
"SACS, TPR",3
SCEL,3
SEMA4C,3
SETD5,4
SH2D3A,4
SH3BGRL2,3
SHANK2,3
SHROOM1,3
SIX4,3
SKT,-1
SLC12A6,3
SLC16A7,-1
SLC1A5,-1
SLC39A6,-1
SLCO1B7,4
SLMAP,-1
SMG8,-1
SND1,-1
SNX9,3
SOS 2,3
SOWAHC,-1
SPRR1A,3
SPRR2D,3
SPTY2D1,3
SSBP3,4
ST5,4
STAT3,-1
SUPT7L,-1
SYN3,-1
SZT2,3
TAF7,-1
TBC1D2,-1
TBCB,-1
TCEA3,3
"TCEB3C, TCEB3CL",4
TMEM63B,-1
TMEM87A,-1
TNFRSF21,2
TRAPPC12,3
TRIM29,3
TUBB8,-1
TULP4,3
UBE2H,-1
UBL7,4
USP37,4
UTRN,4
"VAMP1, VAMP2, VAMP3",3
"VAMP2, VAMP3",3
WDR67,4
WHSC1L1,3
XPO1,-1
ZBTB1,3
ZBTB11,3
ZDHHC8,-1
ZFYVE19,-1
ZNF211,4
ZNF337,-1
ZNF511,4
ZSCAN1,4
ABCC4,2
AES,-1
ARFGEF3,2
BRDT,-1
C1orf198,2
C1orf52,2
C2CD3,2
CBLC,-1
COBL,2
CS,-1
DEPDC1,2
EDF1,-1
EPS8L1,2
ESAM,2
EXOC7,2
FAM176A,2
HAUS3,2
HDLBP,-1
LPHN2,2
MIER2,-1
MSANTD3,2
NACC1,2
NCAPG2,-1
P2RX2,-1
PI4K2A,2
PLCG1,2
PMS2,-1
PRICKLE2,2
RNF10,-1
RPL13,-1
SDCBP,2
SNX12,-1
SUDS3,2
SULT2B1,-1
TADA3,-1
"TMCC2, TMCC3",2
TOM1L1,-1
TROAP,-1
TTC14,2
VGLL1,2
WWC2,-1
XYLT1,2
ZAP70,-1
ZC3H7B,2
EIF5,-1
AASDHPPT,17
ABCA12,17
ABCE1,17
ABCF3,17
ABHD2,-1
ACAP3,-1
ACBD3,11
ACBD6,17
ACD,17
ACSL4,17
"ACTA1, ACTA2, ACTB, ACTBL2, ACTC1, ACTG1, ACTG2, POTEE, POTEF, POTEKP",11
ACTL8,-1
ACTR8,17
ADA,17
ADCY9,11
ADRBK1,9
ADSL,14
AGAP4,14
AGFG2,17
AGPAT9,11
AHSA1,17
AK2,6
AKAP17A,-1
AKIRIN1,17
AKR1A1,17
AKR1B1,-1
ALKBH2,17
ALKBH3,17
AMFR,17
AMMECR1,11
ANAPC4,11
ANKLE2,3
ANKRA2,11
ANKRD10,17
ANKRD12,11
ANKRD26,6
ANP32A,-1
AOC3,17
AP1S2,17
AP4M1,17
APBB2,6
APOBEC3C,17
APRT,17
"ARAF, RAF1",-1
ARCN1,17
ARHGAP24,11
ARHGAP6,-1
ARID5A,17
ARIH1,17
ARL 2.00,17
ARL6IP4,17
ARPC5,17
ASB9,17
ASCC3,17
ASH1L,3
ASUN,11
ASXL1,6
ASXL3,17
ATF3,17
ATF4,17
ATF6,17
ATG9A,6
ATP13A1,17
ATP6V1A,17
ATXN10,17
AURKB,17
AUTS2,11
BARX2,17
BCAP31,17
BCL2L12,17
"BCL2L2, PABPN1",1
BCL7B,11
"BCLAF1, THRAP3",-1
BCORL1,11
"BCR, SRSF10",17
BET1L,3
BHLHA15,17
BLK,17
BLVRA,17
BLVRB,17
BMS1,-1
BOLA1,17
BOLA2,17
BOP 1.00,17
BRAP,17
BRAT1,17
BRD9,17
BRMS1L,11
BRPF1,17
BSDC1,14
BSG,-1
BTBD7,6
BUB3,17
BYSL,17
C10orf118,-1
C11orf84,17
C11orf96,17
C12orf10,17
C12orf42,11
C12orf43,11
C14orf118,6
C16orf72,11
C17orf59,17
C17orf96,11
C19orf24,17
C1QBP,17
C1orf135,11
C1orf173,11
C1orf174,11
C1orf31,17
C1orf55,11
C1orf63,17
C1orf64,11
C20orf11,17
C20orf111,17
C20orf27,11
C21orf2,11
C21orf59,14
C22orf28,17
C3orf19,-1
C7orf26,17
C7orf50,17
C9orf129,11
CACYBP,17
CADPS2,11
CALML3,11
CAP2,11
CAPZA1,11
CASK,11
CASP6,17
CASP8,17
"CBR1, CBR3",14
CBR3,17
CBS,17
"CBWD1, CBWD2, CBWD3, CBWD5, CBWD6, CBWD7",17
CBX6,17
CBY1,17
CCDC124,17
CCDC14,14
CCDC159,17
CCDC25,11
CCDC43,11
CCDC59,-1
CCDC75,17
CCDC97,17
CCL23,11
CCNB2,17
CCND2,17
CCNH,17
CCNT1,17
CCR1,-1
CCT7,17
CCT8,17
CDC26,17
CDC27,1
CDC34,17
CDC37,17
CDC7,17
CDK1,9
CDK11A,11
"CDK12, CDK13",11
CDK4,17
CDK6,17
CDK7,17
CDKAL1,17
CDKN1B,14
CDKN2A,17
CDT1,-1
CDYL,17
CELF2,17
CENPO,17
CEP128,11
CEP152,11
CEP164,10
CEP350,-1
CEP55,-1
CEP63,17
CEP72,-1
CEP76,11
CEP85,-1
CEP95,14
CGNL1,17
CHCHD10,17
CHCHD4,17
CHCHD6,17
CHD2,-1
CHEK2,17
CHMP1A,17
CHMP3,11
CHMP7,11
"CHORDC1, TRPM6",17
CHRAC1,11
CIAO1,17
CIAPIN1,17
CIRH1A,-1
CKB,17
CKS1B,17
CLCC1,17
CLIC2,17
CLIC4,17
CLK1,17
CLMN,17
CLNS1A,10
CNDP2,17
CNTRL,17
COG5,17
COG7,17
COPA,-1
COPB1,17
COPB2,11
COPG1,17
COPR5,11
COPS3,-1
COPS5,17
COPS6,17
CPNE3,17
CPSF3,17
CREB3L2,17
CRNKL1,17
CRYBB1,17
CRYBG3,14
CSDE1,17
CSNK2A1,17
CSPP1,6
CSTF2,17
CTCF,-1
"CTCF, CTCFL",17
CTIF,17
CTNNBL1,17
CTPS2,-1
CTU2,11
CUEDC2,17
CWF19L2,11
"CYTH1, CYTH2, CYTH3",17
DALRD3,17
DAZAP1,17
DCAF11,17
DCAF15,17
DCAF8,10
DCTN1,-1
DCTPP1,17
DDB2,6
DDIT4,17
"DDX11, DDX11L8, DDX12P",17
"DDX17, DDX5",17
DDX18,17
DDX19A,17
"DDX19A, DDX19B",-1
"DDX19A, DDX19B, KDM5D",17
"DDX21, DDX50",17
DDX27,17
DDX39A,17
DDX56,17
DEFB119,17
DENR,11
DERP6,17
DGCR14,11
DGCR8,-1
DGKH,17
DHFR,17
"DHFR, DHFRL1",17
DHPS,17
DHRS1,14
DHX16,14
DHX29,17
DHX38,17
DHX8,11
DIABLO,17
DIAPH1,17
DIAPH3,6
DIMT1,17
DIS3,17
DIS3L2,11
DLAT,17
DMRT1,11
DMRT2,14
DMRT3,11
DNAJA1,11
DNAJB6,17
DNAJC17,11
"DNM1, DNM2",17
DOCK11,17
DOK4,11
DONSON,-1
DPH2,17
DR1,17
DRG2,17
DST,6
DSTN,17
DUSP9,-1
E2F1,11
E4F1,17
EAF1,17
EBAG9,-1
"EEF1A1, EEF1A1P5",-1
"EEF1A1, EEF1A1P5, EEF1A2",11
EEFSEC,17
EFHD2,-1
EFTUD2,17
EHMT1,17
EIF1,17
EIF1AD,11
EIF2AK2,-1
EIF2D,17
EIF2S3,17
EIF3D,17
EIF3F,-1
EIF3G,17
EIF3I,17
EIF4A1,17
ELFN2,17
ELL,6
ELL2,6
ELOF1,14
EMC1,-1
EMC4,17
EMG1,-1
ENDOG,17
ENY2,17
EPSTI1,17
ERICH1,11
ESRRA,11
ESYT1,17
ETS2,17
EVI5L,11
EXD2,17
EXO1,1
EXOSC1,17
EXOSC2,17
EXOSC5,17
EXPH5,17
F10,-1
FAAP100,10
FAM111B,17
FAM118A,11
FAM171A1,-1
FAM174B,17
FAM175A,11
FAM213B,17
"FAM21A, FAM21B, FAM21C, FAM21D",11
"FAM21A, FAM21C",11
"FAM40A, FAM40B",11
FAM47E,11
FAM48A,11
FAM53B,11
FAM64A,1
FAM82B,17
"FAM98A, FAM98B",11
FAM98B,17
FAM98C,17
FANCE,11
FAS,17
FASTKD5,11
FBRS,11
FBXL6,17
FBXW5,17
FCHO2,-1
FEN1,17
FGD5,11
FGF13,11
FGFR1OP,11
FKBP3,17
FKBP4,-1
FKBP8,17
FLI1,11
FLYWCH1,-1
FLYWCH2,17
FMR1,11
"FMR1, FXR1, FXR2",17
FN1,-1
FOXJ3,11
FRMD3,17
FRMD4B,11
FTH1,11
FTO,-1
FTSJ1,9
FTSJD2,11
FUBP1,17
FXR1,3
GABRB2,17
"GAGE1, GAGE12F, GAGE12G, GAGE12I, GAGE4, GAGE7",-1
GAK,14
GARS,17
GAS2,11
GCFC1,11
GEMIN6,17
"GFPT1, GFPT2",17
GGA2,-1
GGNBP2,6
GLRX3,17
GLTSCR2,6
GMEB1,17
GMEB2,17
GMPS,-1
GNB1,14
"GNB1, GNB2, GNB4",17
GNB2L1,17
GNL1,11
GNL3L,17
GOLPH3L,17
GON4L,6
GORAB,17
GPATCH1,11
GPATCH2,-1
GPATCH4,9
"GPATCH8, NKTR, PNISR, RBBP6, RBM26, TRA2B",11
GPHN,10
GPKOW,-1
GPS1,17
"GRAMD1A, PPL",17
GRHPR,17
GRN,17
GSDMD,11
GTF2B,11
GTF2E1,14
GTF3C2,17
GTF3C3,17
GTF3C4,17
GTPBP3,17
HAX1,17
HBP1,17
HCCS,17
HDAC10,17
HDAC3,11
HEATR2,14
HEATR5B,17
HELB,11
HERPUD1,17
HES1,17
HEXDC,17
HEXIM2,-1
"HIN1L, OTUD4",17
HIP1R,14
"HIST1H1A, HIST1H1B, HIST1H1C, HIST1H1D, HIST1H1E, HIST1H1T",-1
"HIST1H1D, HIST1H1E",17
"HIST1H2BB, HIST1H2BJ, HIST1H2BO, HIST2H2BC, HIST2H2BD, HIST2H2BE, HIST3H2BB",14
HIVEP3,11
"HLA-B, HLA-C",17
HMG20A,11
HMGB2,17
HMGB3,-1
HMGCR,17
HMGCS1,11
HMGN2,17
HMGN4,17
"HNRNPC, HNRNPCL1",-1
HNRNPF,17
"HNRNPH1, HNRNPH2",9
HNRNPH2,17
HNRNPH3,17
HNRNPR,-1
"HNRNPR, SYNCRIP",17
HNRPLL,17
HOOK1,11
HP1BP3,-1
HS1BP3,11
HSD17B11,17
HSD17B4,17
"HSP90AA1, HSP90AA2",17
"HSP90AA1, HSP90AB1, HSP90AB2P, HSP90AB3P",17
"HSP90AA1, HSP90AB1, HSP90AB2P, HSP90AB3P, HSP90AB4P",-1
HSPA1A,17
"HSPA4, HSPA4L, HSPH1",17
HSPA9,14
HSPBP1,17
HTRA2,14
IER5,17
IFRD1,17
IFRD2,11
IGF2BP2,17
IGF2BP3,17
IGJ,17
"IGLC1, IGLC2, IGLC3, IGLC6, IGLC7, IGLL5",17
IGLC2,17
"IGLC2, IGLC3",17
IK,1
IL12A,14
IL33,14
ILF2,17
IMMT,17
IMP4,17
INADL,11
INO80C,11
INPP5E,17
INTS10,11
INTS5,-1
INTS7,17
IRAK4,17
"IRF2BP2, IRF2BPL",17
IRF4,17
ISCU,11
ISL2,11
ISY1,-1
ITGB1BP1,11
ITGB7,-1
ITPK1,17
JMJD6,17
JSRP1,17
KARS,17
KATNA1,17
KCNAB2,17
KCTD20,17
KCTD3,11
KCTD5,17
KHDRBS3,17
KHNYN,17
KIAA0226,11
KIAA0240,11
KIAA0430,6
KIAA0586,17
KIAA0895L,11
KIAA0907,11
KIAA1524,14
KIAA1598,-1
KIAA1731,-1
KIAA1737,17
KIAA2013,17
KIF18A,-1
"KIF1A, KIF1B",17
KIF1B,17
"KIF26B, PADI4",17
KIF2C,17
KIF3B,17
KIFC3,17
KLF10,17
KLF6,17
"KLF6, ZNF14, ZNF143, ZNF160, ZNF180, ZNF329, ZNF432, ZNF434, ZNF513, ZNF554, ZNF572, ZNF577, ZNF606, ZNF672, ZNF79",-1
KPNA3,11
KPNA4,11
KRR1,11
KRT15,-1
KRTCAP2,14
LAT,11
LATS1,6
LBH,17
LGALSL,-1
LIMK1,-1
LIMK2,8
LPIN2,11
LSG1,17
LSM 12.00,11
LSM14B,17
LSM 7.00,17
LTBP1,11
LUC7L,11
LYSMD1,-1
LYSMD3,17
LYST,-1
M6PR,6
MACC1,14
MAD2L1,17
MAEA,17
MAGED2,11
MAGI2,17
"MAGOH, MAGOHB",17
MAK16,11
MALT1,17
MAML1,6
MAP2K4,17
MAP3K3,11
"MAPK10, MAPK8",17
MAPK13,17
MAPK6,17
MARCH7,17
MAST4,3
MAT2B,-1
MBNL1,17
MC2R,11
MCM10,17
MCM5,17
MCM6,-1
MCM7,17
MCM8,17
MDN1,-1
MEAF6,11
MECP2,17
MED14,17
MED15,11
MED26,11
MEIS1,11
METTL11A,17
METTL13,17
METTL6,17
MFN1,17
MGMT,6
MGRN1,-1
MID1IP1,14
MLF1IP,17
MLH1,11
MLK4,17
MLKL,-1
MLL5,-1
MLLT1,17
MLX,3
MNX1,6
MOCS2,-1
MOCS3,17
MON2,-1
MPP1,17
MSL2,17
MSN,17
MST4,9
"MST4, STK24",17
MSTO1,17
MTBP,17
MTHFD1,17
MTHFD2,17
MTHFS,17
MTMR10,11
MTMR3,11
MTMR4,11
MTPN,17
MTR,17
MUM1L1,17
MUS81,11
MVP,9
MYCBP,17
MYD88,17
"MYL12A, MYL12B",11
"MYZAP, POLR2M",11
MZT2A,17
"MZT2A, MZT2B",17
NAB1,6
NAPG,11
NARF,17
NAT10,17
NBEA,11
NCAM1,17
NCF2,17
NCF4,17
NCKIPSD,11
NDC80,17
NDUFAF2,11
NDUFB10,17
NDUFS5,-1
NDUFV3,10
NEK3,11
NEURL4,11
NFAT5,11
NFYA,11
NGLY1,17
NKAP,17
NKTR,17
NLN,17
NME2P1,-1
NMRK1,17
NMT2,11
NOB1,-1
NOL10,17
NOL12,17
NOL6,17
NOL9,17
NPLOC4,17
NQO1,3
NR2C1,17
NRBF2,11
NRBP2,17
NSA2,17
NSF,17
NSUN5,17
NT5C,17
NT5C3,17
NUDCD3,1
NUDT5,-1
NUFIP1,17
NUP188,9
NUP88,17
OPA1,17
OS9,-1
OSBPL7,11
OSTM1,-1
OTUD3,6
OTUD5,6
OVCA2,17
PA1,17
PABPC1,17
"PABPC1, PABPC1L, PABPC3, PABPC4",17
"PABPC1, PABPC1L, PABPC5",17
"PABPC1, PABPC1L2A, PABPC3, PABPC4",-1
"PABPC1, PABPC3, PABPC4",17
"PABPC1, PABPC4",17
PABPC4,17
"PABPC4, PABPC4L",17
PABPN1,14
"PADI3, PADI4",17
PAGE1,17
"PAK1, PAK2, PAK3",17
PAK6,-1
PALM2,-1
PAN2,17
PAN3,6
PAPD4,17
PARD3B,-1
PARD6A,11
PARD6B,11
PARP1,17
PARP10,17
"PCBP1, PCBP2, PCBP3, PCBP4",17
"PCBP2, PCBP3",17
"PCYT1A, PCYT1B",-1
PDCD11,17
PDCL,11
PDE5A,17
PEAK1,6
PEG10,17
PELO,17
PELP1,-1
PES 1.00,17
PGAM1,17
PGAM5,17
PHB2,17
PHC2,11
PHF1,14
PHF10,11
PHF12,1
PHF20L1,3
PHKB,17
PHKG2,14
PHLDA2,6
PHLPP1,11
PHPT1,11
PIAS1,6
PIAS2,6
PIK3C3,17
PIK3CA,17
PIK3R1,17
PIM2,17
PIN1,17
PIP4K2A,17
PIP5K1A,-1
"PIP5K1A, PIPSL",17
PISD,17
PITPNM1,1
PLA2G4A,-1
PLAGL2,11
PLCL2,-1
PLEKHF1,-1
PLEKHG5,17
PLK1S1,-1
PLK4,17
PLRG1,17
PLS3,9
PMAIP1,17
"PMS2, PMS2CL",17
PMVK,-1
PNKP,10
PNPLA2,11
PNPO,17
POLD1,17
POLD2,17
POLDIP2,17
POLE3,11
POLE4,11
POLR1A,17
POLR2C,-1
POLR2H,17
POLR3E,11
"POM121, POM121C",-1
"POM121, POM121C, POMZP3",-1
POP1,-1
POU2F1,17
"POU2F1, POU2F2, POU2F3",17
PPIA,17
PPID,17
PPIL1,17
PPL,-1
PPM1D,17
PPME1,17
"PPP1CA, PPP1CB, PPP1CC",17
PPP1CB,17
PPP1R15A,-1
"PPP2CA, PPP2CB",17
PPP2R2A,17
PPP3CA,17
PPP6R3,11
PRDX1,17
PRDX3,17
PRDX5,17
PRICKLE3,-1
PRIM2,17
PRKAB2,6
PRKAR1B,11
PRKCI,17
PRMT3,17
PROSC,17
PRPF19,-1
PRPF4,17
PRPSAP1,11
PRR5,11
PSD4,11
PSMA3,11
PSMA6,17
"PSMA7, PSMA8",17
PSMB1,-1
PSMB2,17
PSMB6,17
PSMC1,17
PSMC2,17
PSMC6,17
PSMD1,17
PSMD4,17
PSMG1,17
PSPC1,11
PTBP3,17
PTDSS2,14
PTGES2,17
PTMA,11
PTPN18,-1
PTPN2,11
PTPRQ,11
PUF60,17
PURA,17
PURB,-1
PUS1,17
PUS7,17
PVALB,17
PWP2,17
PWWP2A,11
PYCR1,17
QKI,17
QRICH1,-1
QTRT1,17
RAB11A,17
RABAC1,17
RAE1,17
RAN,-1
"RANBP2, RGPD4",11
RANBP9,-1
RANGAP1,17
"RASA4, RASA4B",17
RASSF4,17
RASSF5,17
RBBP4,17
"RBBP4, RBBP7",17
RBBP5,11
RBBP7,-1
RBM23,17
"RBM4, RBM4B",17
RBM41,14
RBM44,17
RBM45,11
RBM4B,17
"RBMS1, RBMS3",17
"RBMX, RBMXL1, RBMXL2, RBMXL3",17
RC3H1,11
RC3H2,-1
RECQL5,-1
RELA,17
REPS2,11
RFC2,17
RFC5,17
RGAG4,17
RIC8A,10
RILPL2,17
RING1,11
"RING1, RNF2",17
RIOK3,17
RIPK3,11
RLIM,17
RNASEH2A,17
RNF113A,17
RNF126,14
RNF168,17
RNF181,14
RNF2,11
RNF34,11
RNH1,17
RNPC3,11
ROCK2,11
RPA2,17
RPL10A,17
RPL11,-1
RPL18,17
"RPL26, RPL26L1",1
RPL27,17
RPL28,-1
RPL3,-1
RPL37,17
RPRD1A,17
RPS20,-1
"RPS27, RPS27L",-1
RPS3,17
RPS4X,17
RPS6KB2,-1
RPS8,17
RPSA,17
RPUSD1,11
RPUSD2,11
"RRAGC, RRAGD",17
RRP7A,17
RSBN1L,17
RSRC1,11
RUFY1,17
RUNX3,11
RUVBL1,17
RWDD4,17
RYBP,11
S100PBP,17
SAE1,17
SAFB2,-1
SAMD9,-1
SAP130,11
SAP18,17
SARNP,11
SART3,11
SBF1,17
SCLT1,11
SCNM1,11
SDCCAG3,17
SEC11C,17
SEC13,17
SEC24B,17
SEC24D,17
SEC61A1,17
SELH,17
SELPLG,17
SENP6,11
SF3A1,17
SF3A3,17
SF3B3,17
SFN,17
SH2D2A,17
SH2D5,11
SH3BP5,17
SH3BP5L,-1
SIAH2,-1
SIGLEC7,11
SIRT6,10
SKA1,17
SKA2,17
SKI,11
SKIV2L2,17
SKP2,11
SLC16A10,-1
SLC1A4,17
SLC26A6,-1
SLC29A2,17
SLC2A6,17
SLC30A6,17
SLC35B2,17
SLC35C1,17
SLC39A7,11
SLC43A2,-1
SLC7A1,17
SLC9A8,17
SLC9A9,17
SLU7,-1
"SMAD1, SMAD5",17
"SMAD2, SMAD3, SMAD9",17
SMAD5,17
SMAP,11
"SMARCA1, SMARCA5",17
SMARCA2,17
"SMARCA2, SMARCA4",17
"SMARCD1, SMARCD2, SMARCD3",17
SMARCE1,17
SMC1A,-1
SMC4,17
SMCHD1,-1
SMYD2,17
SNAPC4,11
SNRK,-1
SNRNP200,17
SNRPD2,17
SNRPD3,17
SNX15,11
SNX27,17
SNX5,17
SOD1,17
SOLH,17
SP2,-1
SP4,17
SPAG1,17
SPIN1,1
SPTB,17
SREBF1,17
"SREBF1, SREBF2",17
SREBF2,17
SREK1IP1,-1
"SRGAP2, SRGAP2C",11
SRP68,14
SRP72,17
SRPK2,17
"SRSF2, SRSF8",17
"SRSF4, SRSF5, SRSF6",17
"SRSF4, SRSF6",17
SS18L2,17
SSH2,11
SSX2IP,6
STAMBP,-1
STARD7,17
STBD1,14
STIL,17
STK11,11
STK17A,-1
"STK24, STK25",-1
STK4,17
STMN3,17
STRAP,17
STRN3,14
STX10,17
STX18,17
STX4,17
STXBP2,17
SUPV3L1,9
SURF2,-1
SUV39H2,11
"SYMPK, TRIP12",11
SYNCRIP,17
SYNJ2,17
SYTL1,17
TAB3,-1
TAF10,14
"TAF9, TAF9B",17
"TAGLN2, TAGLN3",-1
TALDO1,3
TARDBP,9
TBC1D25,11
TBCE,17
TBCEL,11
TBL1XR1,17
TCERG1,17
TCF19,17
TCF25,17
TDRKH,17
TERF2,11
TFIP11,-1
TFPT,11
TGFBRAP1,-1
TGIF2,17
TGS1,9
THEMIS,17
THEMIS2,17
THOC3,17
THOC7,17
THOP1,11
THUMPD3,17
TIMELESS,17
TIMM21,17
TIMM8A,17
TIPARP,14
TIPIN,17
TIPRL,17
TKT,17
TLR7,-1
TMC8,11
TMEM115,11
TMEM192,17
TMEM194A,17
TMX2,17
TNFRSF17,-1
TNFRSF18,11
TNK2,-1
"TNPO1, TNPO2",17
TNRC6C,11
TOB1,17
TOE1,17
TOMM22,17
TONSL,-1
TOP 1.00,17
TPTE2,14
TRADD,17
TRAF7,11
TRAM2,-1
TRAPPC10,6
"TRAPPC2, TRAPPC2P1",17
TRAPPC8,17
TRAPPC9,17
TRIM11,14
TRIM27,17
TRIP13,17
TRIP4,17
TRIT1,11
TRMT6,17
TRPT1,6
TSC22D3,-1
TSEN2,17
TSEN54,17
TSHZ1,11
TTC33,11
TTC4,17
TTF2,14
TTI1,17
TTLL12,-1
"TUBA1A, TUBA1B, TUBA1C, TUBA3C, TUBA3E, TUBA4A",17
TUBB,17
"TUBB, TUBB2A, TUBB2B, TUBB3",17
"TUBB, TUBB2A, TUBB2B, TUBB3, TUBB4A, TUBB4B",17
"TUBB, TUBB2A, TUBB2B, TUBB3, TUBB4B",17
"TUBB, TUBB2A, TUBB2B, TUBB4B",-1
"TUBB, TUBB3, TUBB4A, TUBB4B",17
"TUBB2A, TUBB2B",17
"TUBB2A, TUBB2B, TUBB6",17
TUFT1,17
TWF1,-1
TXNDC9,11
TXNIP,-1
TXNL1,17
TXNL4A,17
TXNL4B,17
TYMS,17
U2AF1,9
UBA2,17
UBA5,-1
UBE2D3,17
UBE2E3,17
UBE2I,17
UBE2K,14
UBE2S,17
UBE3A,-1
UBE3B,17
UBN2,11
UBQLN2,17
UBTF,17
UBXN1,9
UCKL1,11
UFL1,-1
UNC93B1,-1
UPF1,-1
URB1,17
USP10,17
USP11,17
USP13,17
USP15,17
USP16,17
USP28,-1
USP3,14
USP32,17
USP7,17
UTP11L,17
UTP18,17
UTP20,17
VAC14,17
VARS,17
VAT1,17
VAV2,17
VCP,17
VCY,-1
VPS11,6
VPS13D,-1
VPS26B,11
VPS28,17
VPS35,17
"VPS4A, VPS4B",17
VPS52,17
VPS53,17
WBP11,-1
WDR11,17
WDR12,14
WDR3,14
WDR36,17
WDR48,-1
WDR53,17
WDR55,14
WDR61,17
WDR77,-1
WDR82,17
WDTC1,17
WRAP53,11
WRN,11
WTAP,-1
WWP2,6
XAB2,17
XBP1,17
XPO5,17
XRCC5,17
XYLB,17
YY1,-1
YY1AP1,11
ZAN,14
ZBED4,11
ZBED5,-1
ZBP1,11
ZBTB38,17
ZBTB40,17
ZBTB48,14
ZC3H15,17
ZC3H3,14
ZC3H7A,9
ZCCHC11,17
ZEB1,6
ZFAND5,17
ZFPM1,6
ZFYVE26,14
ZGPAT,17
ZHX2,11
ZKSCAN3,17
ZMAT4,-1
ZMYM3,6
ZMYND11,-1
ZNF174,17
ZNF192,17
ZNF22,17
ZNF296,17
ZNF3,17
ZNF304,11
ZNF330,11
ZNF384,17
ZNF385A,17
ZNF398,14
ZNF423,11
ZNF451,11
ZNF461,17
ZNF512B,17
ZNF639,6
ZNF740,6
ZNF777,14
ZNF830,17
ZNF880,11
ZNHIT2,17
ZNHIT6,11
"ZSCAN5A, ZSCAN5B",11
ZW10,17
", TUBB, TUBB2A, TUBB2B, TUBB3, TUBB4A, TUBB4B, TUBB6, TUBB8",16
AADAT,10
ACAD9,16
ADAM22,10
ADAMTS9,10
AGAP3,16
AGGF1,10
ANK2,10
APBA3,-1
ARL2BP,9
ASS1,16
ATM,16
ATP11C,-1
AXIN1,10
BLOC1S3,10
BMP2KL,16
C2orf16,10
C8orf33,10
CACNA1I,10
CBFA2T3,10
CC2D1B,16
"CCT6A, CCT6B",16
CEP192,10
CEP57,16
COPS8,16
CORO1A,16
CTSW,10
CYB5R4,10
DAGLB,-1
DCLRE1C,1
"DDX11, DDX11L8",10
DNAH2,16
DPP9,16
EAPP,10
EBNA1BP2,16
ELK4,16
EYA3,16
FAM21A,10
FAM65A,1
FGD4,16
FKBP1A,16
FNIP2,10
GAS2L1,-1
GPCPD1,16
GSS,16
HLCS,-1
HMCN1,16
HRASLS5,16
KAT8,16
KDM4C,10
"KIF4A, KIF4B",16
LRIF1,16
MAGEA1,10
MRPS18B,10
MSH2,16
MSR1,16
MTRR,1
NARS,16
"NCOA1, NCOA2",-1
NFE2L1,16
NGRN,10
NKD2,10
NOP16,16
NUP160,10
OIP5,10
PBX2,-1
PCYT2,16
PEX14,10
PHF20,10
PLIN5,10
POLL,10
POLR2B,16
"POU2F1, POU2F3",-1
PPA1,16
PPP1R3E,-1
PRR15,10
PRR3,10
PSMA2,16
PSMD14,16
PSME2,10
RAD21,-1
RAD51C,16
RBAK,16
"RBM14, RBM4, RBM4B",10
RBM19,16
RNPEP,-1
"RPS4X, RPS4Y1, RPS4Y2",16
RPS9,16
SAMD1,16
SAPCD2,16
SEC24C,16
SESN2,16
SGSM1,10
SMARCD2,-1
SNCAIP,10
"SRRM1, SRSF2",10
TAF6L,16
TBC1D24,10
TBX22,10
TESK2,-1
"TFAP2A, TFAP2B, TFAP2C, TFAP2E",16
TFCP2L1,10
TRIM32,10
TSR1,-1
TSSC1,10
TTC25,10
UBP1,16
UQCRH,16
USP19,16
UTF1,10
WIPI2,16
ZBTB33,10
ZIM2,16
ZNF165,16
ZNF346,10
ZNF581,10
APEH,1
ARHGEF40,-1
C1orf124,1
CHML,-1
CLTA,-1
CTU1,1
EXOSC7,-1
EYA4,-1
FYCO1,-1
GINS2,-1
HEMGN,-1
HIST1H1C,-1
MPDZ,-1
MPG,1
MRE11A,-1
PALB2,-1
PASK,1
PDE3A,-1
RNF112,-1
S100A6,-1
SLC12A4,1
SP3,-1
SPAG17,1
SPAG7,1
SPG20,1
SYBU,-1
TRIP6,1
TROVE2,-1
UNKL,-1
VN1R4,-1
ZFYVE28,-1
ADAM9,-1
AHI1,6
ALDH6A1,6
ANKRD50,6
ARHGAP23,6
ASPSCR1,9
BAZ2B,6
BDH1,6
BICC1,6
BRF2,6
BTF3,-1
C5orf17,6
CBR1,9
CCDC80,9
CDC16,6
CENPB,6
CHD6,6
CHMP2A,9
CHRNG,6
CNKSR3,-1
CUL3,9
DCLK2,6
DDX59,9
DENND5A,9
DMD,9
EDRF1,9
EIF2AK4,6
ELK3,6
EVPL,6
FAM122C,6
FAM123B,6
FAM13A,6
FAM161B,6
FAM190B,6
FAM63B,9
FAN1,6
FANCM,6
FBXO4,-1
FOXC2,9
FOXN3,6
FRMD6,-1
GPRASP2,6
HABP4,6
HOMER3,-1
HOMEZ,6
HSD17B6,9
HSPB8,9
ITSN1,6
KIAA1432,9
KIF13A,6
KIF26A,6
LARP6,3
LOH12CR1,9
LRIT3,6
MAML3,9
"MAP2K3, MAP2K6",9
MAPKAPK5,9
MARK1,6
"MAST1, MAST2",6
MCC,6
METTL22,9
METTL2B,9
MID1,6
MRC2,6
MSL3,6
MTA3,9
MTMR2,6
MUC19,6
MXRA5,9
NARG2,6
NEK11,6
NFX1,-1
NR1H3,6
NYAP2,9
ODF2,6
OVOS2,9
"PDE4B, PDE4D",9
PDE6A,9
PDLIM7,9
PDZD2,6
PHKA1,9
PITPNM3,9
PLEKHG2,6
POLK,9
PRUNE2,6
PSPHP1,6
RARA,3
RBFOX2,9
RIPK4,6
RNF123,6
RPS7,9
RUSC2,6
SCFD1,6
SERINC1,6
SETBP1,6
SH3PXD2A,6
SH3PXD2B,-1
SHB,-1
SLC25A41,9
SNTA1,6
SPG21,6
STK24,9
TAF9B,9
TBC1D2B,6
TBX3,6
TNK1,6
TNS4,6
TRMT112,9
TSHZ2,6
"TUBB4A, TUBB4B",9
UACA,6
UHRF2,6
UNC13B,6
USP31,6
UTP14C,6
WDR47,6
WDR91,6
ZBTB5,6
ZCCHC7,6
ZMYM2,-1
ZNF143,6
ZNF490,6
ZNF626,6
BECN1,-1
"CAMKK1, CAMKK2",-1
CCNY,-1
"DUSP16, DUSP8",-1
F2RL1,-1
GNA13,-1
KIAA0319L,-1
KIAA0754,-1
KLF16,-1
NRG1,-1
OSBPL6,-1
ABCC3,8
ANGPT4,8
ANO1,8
ANXA2,8
"AQP7, AQP7P3",8
"ARHGEF35, ARHGEF5",8
ARHGEF37,8
ASAP2,-1
ATG4C,8
ATXN3,8
C12orf29,-1
C18orf21,-1
"C2CD2L, UQCRC2",8
CABLES2,8
"CAMK2A, CAMK2D",-1
CASS4,-1
CCDC28B,-1
CD46,-1
CDH3,-1
CEP120,-1
CKAP4,-1
CLVS1,8
CRCT1,8
CSTB,8
CT45A5,8
DCP2,-1
DOK2,8
EBF2,-1
"EPHB1, EPHB2",-1
EPHB2,8
ETV5,8
FAM126B,8
FAM188B,8
FOS,-1
FRK,-1
FYB,8
"FYN, LCK, SRC, YES1",-1
"GATA2, GATA3",8
GDI2,8
GIPC1,8
"GLI2, GLI3",-1
GTSF1,8
HAT1,-1
"HCK, LYN",8
IFT57,8
IGSF9,8
IKZF4,8
IRF6,-1
LYN,8
MAGEB1,-1
MAGEC1,8
MAPKAPK3,8
MARVELD3,8
MICALCL,-1
"MLL5, SRSF3",8
MOB3C,-1
MPP7,-1
NPRL3,8
OTUD1,-1
PHF5A,8
PIK3R4,-1
"PKIB, RANBP1",8
PKP1,8
PLEKHA1,8
POLR1D,-1
PTPN14,-1
PTTG1IP,8
RAC1,8
RASA1,8
RBPMS,8
RILPL1,8
RPS13,8
SATB2,8
SAV1,8
SFT2D1,8
SGK3,8
SH3D19,8
SNX24,-1
SRBD1,-1
SRGAP3,3
STAT5A,8
"STAT5A, STAT5B",8
TBK1,8
TFRC,8
TMEM245,-1
TNFAIP2,8
"TUBB, TUBB2A, TUBB2B, TUBB4A, TUBB4B",-1
WBSCR22,-1
"ZBTB41, ZNF281, ZNF439, ZNF572, ZNF69, ZNF845, ZNF846, ZSCAN5B",-1
ZC2HC1A,-1
ZFP64,8
ZNF891,8
AP2B1,3
ATAT1,3
C18orf56,3
CBX2,-1
CDC14A,3
EFS,3
EPHA1,3
FAM107B,3
FAM50B,3
GEMIN7,3
HEATR5A,3
HOGA1,3
LRP1,3
MORF4L2,3
PRKRIP1,3
"RAB11FIP1, RAB11FIP2",3
RAB21,3
RALGAPA2,3
REXO1,-1
TBC1D8,3
YARS,-1
ZNF420,3
ZNF721,3
ACSM2A,-1
ALDH1A2,-1
CDS1,-1
FHOD3,-1
GRB2,-1
MYO1D,-1
PLEKHA4,-1
RCC1,-1
SH2D1B,-1
